subcolony,region,site,sugar,octopamine,treatment,phase,day,temperature,initial_for,n_0,n_10,n_20,n_30,n_40,n_50,n_60,cov_0,cov_10,cov_20,cov_30,cov_40,cov_50,cov_60,time_top,sug_0,sug_10,sug_20,sug_30,sug_40,sug_50,sug_60
1,CA,BLB,low,yes,OA_low_sugar,acclimation,1,24.3,59,0,4,14,28,24,29,15,0,0,2,4,1,5,2,20,0,0,0,0,0,0,0
2,CA,CAL,high,no,control,acclimation,1,24.3,18,0,1,8,16,18,18,11,0,0,3,2,1,4,4,20,0,0,0,0,0,0,0
3,CA,OAK,high,yes,OA,acclimation,1,24.3,49,0,18,32,60,70,65,62,0,1,4,8,7,7,8,10,0,0,0,0,0,0,0
4,CA,BLB,high,no,control,acclimation,1,24.3,27,0,12,54,34,32,30,30,0,1,2,3,1,4,2,10,0,0,0,0,0,0,0
5,CA,RCH,high,yes,OA,acclimation,1,24.3,7,0,6,13,22,22,24,26,0,0,1,1,4,6,6,20,0,0,0,0,0,0,0
6,CA,OAK,low,yes,OA_low_sugar,acclimation,1,24.3,25,0,0,12,29,30,58,30,0,0,1,3,2,7,3,30,0,0,0,0,0,0,0
7,CA,RCH,high,no,control,acclimation,1,24.3,31,0,0,24,30,15,23,23,0,0,3,2,2,4,3,20,0,0,0,0,0,0,0
8,CA,BLB,high,yes,OA,acclimation,1,24.3,53,0,5,9,17,11,25,26,0,1,2,4,3,7,7,10,0,0,0,0,0,0,0
9,CA,RCH,high,no,control,acclimation,1,24.3,21,0,5,35,38,35,27,30,0,0,4,4,5,4,5,20,0,0,0,0,0,0,0
10,CA,OAK,high,yes,OA,acclimation,1,24.3,46,0,12,63,60,69,56,54,0,2,6,7,7,9,9,10,0,0,0,0,0,0,0
11,CA,CAL,low,yes,OA_low_sugar,acclimation,1,24.3,13,0,0,7,14,13,15,17,0,0,2,2,2,4,5,20,0,0,0,0,0,0,0
12,CA,RCH,low,no,low_sugar,acclimation,1,24.3,32,0,6,39,41,32,41,29,0,1,6,7,6,8,7,10,0,0,0,0,0,0,0
13,CA,BLB,high,no,control,acclimation,1,24.3,61,0,10,37,50,42,41,25,0,3,6,7,9,7,8,20,0,0,0,0,0,0,0
14,CA,CAL,low,no,low_sugar,acclimation,1,24.3,18,0,0,5,11,12,9,11,0,0,2,3,2,2,2,30,0,0,0,0,0,0,0
15,CA,BLB,low,yes,OA_low_sugar,acclimation,1,24.3,40,0,9,26,38,36,34,15,0,0,4,3,6,5,5,20,0,0,0,0,0,0,0
16,CA,CAL,high,no,control,acclimation,1,24.3,22,0,1,10,8,10,11,6,0,0,1,2,1,1,2,20,0,0,0,0,0,0,0
17,CA,OAK,low,no,low_sugar,acclimation,1,24.3,36,0,15,38,68,65,45,49,0,3,5,8,7,10,4,20,0,0,0,0,0,0,0
18,CA,BLB,low,no,low_sugar,acclimation,1,24.3,43,0,22,30,50,40,42,35,0,1,3,4,5,9,6,10,0,0,0,0,0,0,0
19,CA,RCH,low,yes,OA_low_sugar,acclimation,1,24.3,20,0,12,32,43,39,22,24,0,2,5,8,10,7,7,10,0,0,0,0,0,0,0
20,CA,CAL,low,no,low_sugar,acclimation,1,24.3,17,0,15,16,11,18,7,10,0,1,1,3,3,2,2,10,0,0,0,0,0,0,0
21,CA,OAK,high,no,control,acclimation,1,24.3,32,0,7,30,40,36,41,32,0,2,4,4,6,6,5,10,0,0,0,0,0,0,0
22,CA,CAL,high,yes,OA,acclimation,1,24.3,31,0,8,27,21,25,17,12,0,3,3,4,5,4,4,20,0,0,0,0,0,0,0
23,CA,RCH,low,no,low_sugar,acclimation,1,24.3,14,0,3,13,16,17,25,10,0,0,4,5,5,7,3,20,0,0,0,0,0,0,0
24,CA,CAL,low,yes,OA_low_sugar,acclimation,1,24.3,17,0,5,6,8,7,3,2,0,1,2,1,2,0,0,20,0,0,0,0,0,0,0
25,CA,CAL,high,yes,OA,acclimation,1,24.3,21,0,12,31,34,21,21,20,0,3,5,4,1,4,2,10,0,0,0,0,0,0,0
26,CA,RCH,low,yes,OA_low_sugar,acclimation,1,24.3,34,0,15,49,42,47,69,48,0,3,5,5,5,10,9,20,0,0,0,0,0,0,0
27,CA,BLB,high,yes,OA,acclimation,1,24.3,36,0,4,20,22,22,20,27,0,2,0,2,4,3,3,10,0,0,0,0,0,0,0
28,CA,OAK,high,no,control,acclimation,1,24.3,36,0,9,26,46,46,48,47,0,3,3,6,4,7,7,10,0,0,0,0,0,0,0
29,CA,RCH,high,yes,OA,acclimation,1,24.3,23,0,29,36,41,29,37,23,0,6,4,8,9,7,8,10,0,0,0,0,0,0,0
30,CA,OAK,low,no,low_sugar,acclimation,1,24.3,76,0,25,50,65,63,53,50,0,5,7,5,8,10,10,10,0,0,0,0,0,0,0
31,CA,OAK,low,yes,OA_low_sugar,acclimation,1,24.3,46,0,17,33,30,47,45,35,0,1,3,4,6,6,3,20,0,0,0,0,0,0,0
32,CA,BLB,low,no,low_sugar,acclimation,1,24.3,35,0,8,15,32,25,26,29,0,2,3,7,7,7,8,30,0,0,0,0,0,0,0
1,CA,BLB,low,yes,OA_low_sugar,acclimation,2,23.6,67,0,7,3,7,5,4,6,0,2,0,2,1,1,4,30,0,0,0,0,0,0,0
2,CA,CAL,high,no,control,acclimation,2,23.6,21,0,4,3,7,3,4,1,0,1,0,2,0,1,1,10,0,0,0,0,0,0,0
3,CA,OAK,high,yes,OA,acclimation,2,23.6,74,0,14,34,24,37,29,28,0,1,2,4,6,5,5,20,0,0,0,0,0,0,0
4,CA,BLB,high,no,control,acclimation,2,23.6,44,0,12,18,18,17,15,10,0,0,2,2,2,0,1,30,0,0,0,0,0,0,0
5,CA,RCH,high,yes,OA,acclimation,2,23.6,23,0,5,5,5,7,9,7,0,1,1,1,1,1,1,10,0,0,0,0,0,0,0
6,CA,OAK,low,yes,OA_low_sugar,acclimation,2,23.6,38,0,5,15,24,19,20,17,0,0,4,5,7,5,3,20,0,0,0,0,0,0,0
7,CA,RCH,high,no,control,acclimation,2,23.6,38,0,10,18,16,14,8,6,0,2,3,4,1,2,0,10,0,0,0,0,0,0,0
8,CA,BLB,high,yes,OA,acclimation,2,23.6,69,0,3,12,9,16,10,5,0,1,2,2,4,3,1,10,0,0,0,0,0,0,0
9,CA,RCH,high,no,control,acclimation,2,23.6,25,0,5,11,14,17,15,13,0,3,2,3,3,1,1,20,0,0,0,0,0,0,0
10,CA,OAK,high,yes,OA,acclimation,2,23.6,50,0,15,26,22,37,29,31,0,4,3,4,6,8,7,10,0,0,0,0,0,0,0
11,CA,CAL,low,yes,OA_low_sugar,acclimation,2,23.6,13,0,5,5,5,4,6,2,0,1,1,1,1,1,0,10,0,0,0,0,0,0,0
12,CA,RCH,low,no,low_sugar,acclimation,2,23.6,29,0,11,12,15,20,20,22,0,2,4,3,5,5,6,10,0,0,0,0,0,0,0
13,CA,BLB,high,no,control,acclimation,2,23.6,76,0,11,18,18,20,17,19,0,3,4,3,3,1,4,20,0,0,0,0,0,0,0
14,CA,CAL,low,no,low_sugar,acclimation,2,23.6,14,0,2,4,10,8,5,4,0,1,0,1,3,2,2,61,0,0,0,0,0,0,0
15,CA,BLB,low,yes,OA_low_sugar,acclimation,2,23.6,54,0,13,25,23,17,15,10,0,1,3,1,3,3,4,10,0,0,0,0,0,0,0
16,CA,CAL,high,no,control,acclimation,2,23.6,8,0,2,2,3,3,2,3,0,0,0,1,0,1,1,30,0,0,0,0,0,0,0
17,CA,OAK,low,no,low_sugar,acclimation,2,23.6,61,0,20,29,17,19,21,14,0,3,3,4,1,4,2,10,0,0,0,0,0,0,0
18,CA,BLB,low,no,low_sugar,acclimation,2,23.6,61,0,6,14,18,17,11,17,0,0,2,3,2,2,1,30,0,0,0,0,0,0,0
19,CA,RCH,low,yes,OA_low_sugar,acclimation,2,23.6,17,0,0,7,8,19,14,11,0,0,2,2,2,2,5,61,0,0,0,0,0,0,0
20,CA,CAL,low,no,low_sugar,acclimation,2,23.6,12,0,5,12,7,6,6,4,0,2,2,0,3,3,1,10,0,0,0,0,0,0,0
21,CA,OAK,high,no,control,acclimation,2,23.6,32,0,8,21,20,18,16,18,0,3,3,3,5,4,2,10,0,0,0,0,0,0,0
22,CA,CAL,high,yes,OA,acclimation,2,23.6,29,0,4,8,11,5,8,9,0,1,1,3,2,1,2,10,0,0,0,0,0,0,0
23,CA,RCH,low,no,low_sugar,acclimation,2,23.6,10,0,3,7,14,8,4,5,0,1,2,2,2,0,2,30,0,0,0,0,0,0,0
24,CA,CAL,low,yes,OA_low_sugar,acclimation,2,23.6,11,0,0,0,0,0,0,0,0,0,0,0,0,0,0,61,0,0,0,0,0,0,0
25,CA,CAL,high,yes,OA,acclimation,2,23.6,16,0,1,5,7,5,7,5,0,0,1,1,1,1,0,20,0,0,0,0,0,0,0
26,CA,RCH,low,yes,OA_low_sugar,acclimation,2,23.6,33,0,16,23,17,18,13,17,0,2,2,2,3,4,5,10,0,0,0,0,0,0,0
27,CA,BLB,high,yes,OA,acclimation,2,23.6,44,0,9,23,14,13,18,15,0,0,2,2,2,5,2,20,0,0,0,0,0,0,0
28,CA,OAK,high,no,control,acclimation,2,23.6,38,0,5,15,21,18,10,7,0,0,0,1,1,2,1,40,0,0,0,0,0,0,0
29,CA,RCH,high,yes,OA,acclimation,2,23.6,19,0,6,22,19,19,13,16,0,2,2,7,6,3,5,10,0,0,0,0,0,0,0
30,CA,OAK,low,no,low_sugar,acclimation,2,23.6,99,0,8,24,27,36,32,29,0,1,2,5,8,5,4,20,0,0,0,0,0,0,0
31,CA,OAK,low,yes,OA_low_sugar,acclimation,2,23.6,66,0,9,33,31,32,35,21,0,1,1,2,3,8,3,10,0,0,0,0,0,0,0
32,CA,BLB,low,no,low_sugar,acclimation,2,23.6,62,0,2,14,8,16,12,17,0,0,3,3,4,3,4,30,0,0,0,0,0,0,0
1,CA,BLB,low,yes,OA_low_sugar,acclimation,3,23.0,67,0,6,14,14,9,7,5,0,0,1,4,3,1,1,20,0,0,0,0,0,0,0
2,CA,CAL,high,no,control,acclimation,3,23.0,22,0,4,5,5,2,2,3,0,1,0,1,1,0,1,10,0,0,0,0,0,0,0
3,CA,OAK,high,yes,OA,acclimation,3,23.0,77,0,19,21,31,23,22,10,0,1,0,4,5,5,4,10,0,0,0,0,0,0,0
4,CA,BLB,high,no,control,acclimation,3,23.0,57,0,10,22,10,5,11,11,0,1,3,3,1,3,1,10,0,0,0,0,0,0,0
5,CA,RCH,high,yes,OA,acclimation,3,23.0,26,0,5,10,3,2,5,2,0,3,2,1,0,1,1,10,0,0,0,0,0,0,0
6,CA,OAK,low,yes,OA_low_sugar,acclimation,3,23.0,25,0,2,7,13,14,11,14,0,1,1,3,4,3,3,40,0,0,0,0,0,0,0
7,CA,RCH,high,no,control,acclimation,3,23.0,23,0,10,7,6,8,6,0,0,1,1,1,1,2,0,20,0,0,0,0,0,0,0
8,CA,BLB,high,yes,OA,acclimation,3,23.0,62,0,10,14,7,5,6,2,0,1,4,3,3,2,2,30,0,0,0,0,0,0,0
9,CA,RCH,high,no,control,acclimation,3,23.0,29,0,11,17,11,8,7,7,0,1,2,3,2,2,2,10,0,0,0,0,0,0,0
10,CA,OAK,high,yes,OA,acclimation,3,23.0,49,0,14,16,21,24,13,9,0,2,3,4,2,2,3,10,0,0,0,0,0,0,0
11,CA,CAL,low,yes,OA_low_sugar,acclimation,3,23.0,19,0,0,7,5,6,5,0,0,0,2,1,1,2,0,20,0,0,0,0,0,0,0
12,CA,RCH,low,no,low_sugar,acclimation,3,23.0,30,0,2,6,9,7,11,7,0,0,0,1,1,2,2,40,0,0,0,0,0,0,0
13,CA,BLB,high,no,control,acclimation,3,23.0,55,0,19,45,39,26,16,9,0,3,5,4,5,5,2,10,0,0,0,0,0,0,0
14,CA,CAL,low,no,low_sugar,acclimation,3,23.0,22,0,2,0,2,2,1,0,0,0,0,1,1,0,0,40,0,0,0,0,0,0,0
15,CA,BLB,low,yes,OA_low_sugar,acclimation,3,23.0,38,0,2,7,9,14,14,13,0,0,1,2,2,3,4,40,0,0,0,0,0,0,0
16,CA,CAL,high,no,control,acclimation,3,23.0,15,0,1,2,2,2,1,2,0,0,1,0,0,0,0,20,0,0,0,0,0,0,0
17,CA,OAK,low,no,low_sugar,acclimation,3,23.0,62,0,12,19,12,11,11,25,0,2,1,3,2,2,3,20,0,0,0,0,0,0,0
18,CA,BLB,low,no,low_sugar,acclimation,3,23.0,41,0,2,13,10,4,4,6,0,0,1,2,1,1,1,20,0,0,0,0,0,0,0
19,CA,RCH,low,yes,OA_low_sugar,acclimation,3,23.0,23,0,5,12,13,10,10,5,0,0,2,4,3,4,0,61,0,0,0,0,0,0,0
20,CA,CAL,low,no,low_sugar,acclimation,3,23.0,13,0,1,3,3,3,1,6,0,0,0,2,1,0,1,30,0,0,0,0,0,0,0
21,CA,OAK,high,no,control,acclimation,3,23.0,21,0,2,9,12,5,17,12,0,1,4,2,0,4,4,20,0,0,0,0,0,0,0
22,CA,CAL,high,yes,OA,acclimation,3,23.0,21,0,1,4,4,3,6,3,0,0,0,1,1,4,2,30,0,0,0,0,0,0,0
23,CA,RCH,low,no,low_sugar,acclimation,3,23.0,25,0,6,16,19,10,12,11,0,2,0,1,1,1,3,40,0,0,0,0,0,0,0
24,CA,CAL,low,yes,OA_low_sugar,acclimation,3,23.0,7,0,0,0,1,0,1,0,0,0,0,0,0,0,0,61,0,0,0,0,0,0,0
25,CA,CAL,high,yes,OA,acclimation,3,23.0,15,0,0,14,11,10,9,8,0,0,0,2,4,1,2,30,0,0,0,0,0,0,0
26,CA,RCH,low,yes,OA_low_sugar,acclimation,3,23.0,22,0,4,13,22,10,9,10,0,1,3,2,1,3,2,20,0,0,0,0,0,0,0
27,CA,BLB,high,yes,OA,acclimation,3,23.0,34,0,0,14,21,17,24,10,0,0,2,2,2,3,1,20,0,0,0,0,0,0,0
28,CA,OAK,high,no,control,acclimation,3,23.0,48,0,1,14,10,13,13,10,0,1,2,1,1,2,3,20,0,0,0,0,0,0,0
29,CA,RCH,high,yes,OA,acclimation,3,23.0,30,0,0,18,15,19,14,12,0,0,3,2,7,5,1,30,0,0,0,0,0,0,0
30,CA,OAK,low,no,low_sugar,acclimation,3,23.0,88,0,0,13,14,19,17,22,0,0,3,4,4,3,2,20,0,0,0,0,0,0,0
31,CA,OAK,low,yes,OA_low_sugar,acclimation,3,23.0,71,0,2,16,11,11,17,16,0,0,3,2,2,5,5,20,0,0,0,0,0,0,0
32,CA,BLB,low,no,low_sugar,acclimation,3,23.0,56,0,0,6,11,14,10,8,0,0,2,0,2,2,2,20,0,0,0,0,0,0,0
1,CA,BLB,low,yes,OA_low_sugar,acclimation,4,23.2,60,0,4,7,15,22,13,11,0,1,1,1,6,2,4,40,0,0,0,0,0,0,0
2,CA,CAL,high,no,control,acclimation,4,23.2,22,0,0,3,4,6,6,2,0,0,0,0,1,0,1,61,0,0,0,0,0,0,0
3,CA,OAK,high,yes,OA,acclimation,4,23.2,64,0,7,32,16,25,16,16,0,3,5,4,8,4,4,20,0,0,0,0,0,0,0
4,CA,BLB,high,no,control,acclimation,4,23.2,32,0,13,16,13,13,10,11,0,0,1,1,1,1,1,30,0,0,0,0,0,0,0
5,CA,RCH,high,yes,OA,acclimation,4,23.2,20,0,5,3,9,7,9,4,0,2,0,2,1,3,2,30,0,0,0,0,0,0,0
6,CA,OAK,low,yes,OA_low_sugar,acclimation,4,23.2,37,0,8,16,18,14,11,5,0,2,6,6,4,3,2,20,0,0,0,0,0,0,0
7,CA,RCH,high,no,control,acclimation,4,23.2,21,0,2,8,7,6,4,2,0,0,1,2,0,0,1,20,0,0,0,0,0,0,0
8,CA,BLB,high,yes,OA,acclimation,4,23.2,69,0,6,12,12,13,12,6,0,1,4,4,2,2,3,10,0,0,0,0,0,0,0
9,CA,RCH,high,no,control,acclimation,4,23.2,28,0,8,10,19,9,5,4,0,0,0,3,1,3,0,30,0,0,0,0,0,0,0
10,CA,OAK,high,yes,OA,acclimation,4,23.2,56,0,11,20,21,16,17,10,0,3,4,4,1,4,3,20,0,0,0,0,0,0,0
11,CA,CAL,low,yes,OA_low_sugar,acclimation,4,23.2,26,0,1,10,7,7,8,2,0,0,3,3,2,1,1,20,0,0,0,0,0,0,0
12,CA,RCH,low,no,low_sugar,acclimation,4,23.2,23,0,4,9,20,12,13,14,0,0,1,3,2,0,2,40,0,0,0,0,0,0,0
13,CA,BLB,high,no,control,acclimation,4,23.2,52,0,5,15,16,19,24,16,0,0,2,2,3,3,3,20,0,0,0,0,0,0,0
14,CA,CAL,low,no,low_sugar,acclimation,4,23.2,17,0,2,5,1,3,0,4,0,1,0,0,1,0,1,10,0,0,0,0,0,0,0
15,CA,BLB,low,yes,OA_low_sugar,acclimation,4,23.2,48,0,11,29,29,21,17,21,0,2,5,5,3,4,3,10,0,0,0,0,0,0,0
16,CA,CAL,high,no,control,acclimation,4,23.2,13,0,3,4,3,0,0,0,0,0,0,1,0,0,0,61,0,0,0,0,0,0,0
17,CA,OAK,low,no,low_sugar,acclimation,4,23.2,50,0,7,20,26,10,12,7,0,2,3,4,2,2,2,10,0,0,0,0,0,0,0
18,CA,BLB,low,no,low_sugar,acclimation,4,23.2,52,0,8,24,27,10,12,8,0,2,1,3,2,1,3,10,0,0,0,0,0,0,0
19,CA,RCH,low,yes,OA_low_sugar,acclimation,4,23.2,35,0,4,18,14,17,13,8,0,1,4,4,3,5,1,30,0,0,0,0,0,0,0
20,CA,CAL,low,no,low_sugar,acclimation,4,23.2,14,0,1,2,3,3,2,2,0,0,0,2,0,0,0,61,0,0,0,0,0,0,0
21,CA,OAK,high,no,control,acclimation,4,23.2,24,0,3,10,10,11,16,9,0,1,3,4,1,4,5,30,0,0,0,0,0,0,0
22,CA,CAL,high,yes,OA,acclimation,4,23.2,16,0,0,5,2,1,3,2,0,0,1,2,0,0,0,30,0,0,0,0,0,0,0
23,CA,RCH,low,no,low_sugar,acclimation,4,23.2,21,0,0,10,11,16,10,3,0,0,2,4,3,3,2,30,0,0,0,0,0,0,0
24,CA,CAL,low,yes,OA_low_sugar,acclimation,4,23.2,9,0,0,0,1,4,3,3,0,0,0,0,1,0,0,61,0,0,0,0,0,0,0
25,CA,CAL,high,yes,OA,acclimation,4,23.2,15,0,3,7,12,8,6,4,0,1,1,1,1,0,1,60,0,0,0,0,0,0,0
26,CA,RCH,low,yes,OA_low_sugar,acclimation,4,23.2,41,0,22,37,32,18,18,12,0,1,2,4,3,2,2,10,0,0,0,0,0,0,0
27,CA,BLB,high,yes,OA,acclimation,4,23.2,54,0,5,20,14,24,15,10,0,0,2,0,2,3,1,20,0,0,0,0,0,0,0
28,CA,OAK,high,no,control,acclimation,4,23.2,38,0,6,16,15,14,20,15,0,0,1,0,2,3,2,20,0,0,0,0,0,0,0
29,CA,RCH,high,yes,OA,acclimation,4,23.2,27,0,7,7,9,10,16,5,0,3,3,2,5,6,2,40,0,0,0,0,0,0,0
30,CA,OAK,low,no,low_sugar,acclimation,4,23.2,86,0,7,16,18,20,22,14,0,1,3,3,4,5,3,10,0,0,0,0,0,0,0
31,CA,OAK,low,yes,OA_low_sugar,acclimation,4,23.2,51,0,3,14,18,20,16,5,0,0,0,3,3,5,0,40,0,0,0,0,0,0,0
32,CA,BLB,low,no,low_sugar,acclimation,4,23.2,41,0,1,9,8,8,8,5,0,0,0,1,2,4,1,50,0,0,0,0,0,0,0
1,CA,BLB,low,yes,OA_low_sugar,acclimation,5,23.2,50,0,2,5,16,10,14,17,0,0,0,4,1,5,6,30,0,0,0,0,0,0,0
2,CA,CAL,high,no,control,acclimation,5,23.2,13,0,0,2,0,2,1,1,0,0,0,0,1,1,0,40,0,0,0,0,0,0,0
3,CA,OAK,high,yes,OA,acclimation,5,23.2,63,0,1,5,10,11,13,6,0,0,1,3,3,2,0,20,0,0,0,0,0,0,0
4,CA,BLB,high,no,control,acclimation,5,23.2,40,0,3,3,7,6,3,8,0,0,0,0,0,0,1,61,0,0,0,0,0,0,0
5,CA,RCH,high,yes,OA,acclimation,5,23.2,12,0,3,11,6,7,7,4,0,0,2,2,2,4,2,50,0,0,0,0,0,0,0
6,CA,OAK,low,yes,OA_low_sugar,acclimation,5,23.2,32,0,4,8,14,6,1,5,0,1,2,3,3,1,1,20,0,0,0,0,0,0,0
7,CA,RCH,high,no,control,acclimation,5,23.2,11,0,3,11,7,5,8,1,0,0,2,1,1,1,0,40,0,0,0,0,0,0,0
8,CA,BLB,high,yes,OA,acclimation,5,23.2,55,0,4,8,4,7,9,7,0,1,2,2,2,1,2,20,0,0,0,0,0,0,0
9,CA,RCH,high,no,control,acclimation,5,23.2,17,0,2,9,13,13,10,8,0,1,3,3,1,2,1,10,0,0,0,0,0,0,0
10,CA,OAK,high,yes,OA,acclimation,5,23.2,42,0,5,11,7,5,7,11,0,0,3,1,0,2,4,20,0,0,0,0,0,0,0
11,CA,CAL,low,yes,OA_low_sugar,acclimation,5,23.2,23,0,3,3,2,5,6,2,0,1,1,1,1,1,1,61,0,0,0,0,0,0,0
12,CA,RCH,low,no,low_sugar,acclimation,5,23.2,33,0,2,7,5,5,6,6,0,0,3,0,2,3,4,40,0,0,0,0,0,0,0
13,CA,BLB,high,no,control,acclimation,5,23.2,55,0,3,3,9,6,6,6,0,1,1,1,1,0,4,10,0,0,0,0,0,0,0
14,CA,CAL,low,no,low_sugar,acclimation,5,23.2,20,0,1,2,3,3,5,3,0,0,1,1,1,2,2,30,0,0,0,0,0,0,0
15,CA,BLB,low,yes,OA_low_sugar,acclimation,5,23.2,38,0,4,13,12,6,10,14,0,1,1,2,0,4,3,30,0,0,0,0,0,0,0
16,CA,CAL,high,no,control,acclimation,5,23.2,17,0,1,0,3,0,0,0,0,0,0,0,0,0,0,61,0,0,0,0,0,0,0
17,CA,OAK,low,no,low_sugar,acclimation,5,23.2,45,0,2,8,6,9,8,5,0,0,3,1,1,2,1,30,0,0,0,0,0,0,0
18,CA,BLB,low,no,low_sugar,acclimation,5,23.2,59,0,2,5,12,12,10,8,0,1,1,2,2,2,2,20,0,0,0,0,0,0,0
19,CA,RCH,low,yes,OA_low_sugar,acclimation,5,23.2,31,0,4,9,10,17,12,9,0,2,4,4,5,2,5,20,0,0,0,0,0,0,0
20,CA,CAL,low,no,low_sugar,acclimation,5,23.2,14,0,3,2,1,1,6,1,0,1,0,0,0,2,1,50,0,0,0,0,0,0,0
21,CA,OAK,high,no,control,acclimation,5,23.2,35,0,2,3,9,11,5,15,0,1,1,2,2,0,3,60,0,0,0,0,0,0,0
22,CA,CAL,high,yes,OA,acclimation,5,23.2,13,0,0,1,5,4,3,3,0,0,0,1,1,0,1,40,0,0,0,0,0,0,0
23,CA,RCH,low,no,low_sugar,acclimation,5,23.2,32,0,1,7,11,10,8,17,0,0,3,3,3,2,3,40,0,0,0,0,0,0,0
24,CA,CAL,low,yes,OA_low_sugar,acclimation,5,23.2,5,0,0,1,0,0,2,0,0,0,0,0,0,0,0,61,0,0,0,0,0,0,0
25,CA,CAL,high,yes,OA,acclimation,5,23.2,13,0,0,5,3,3,4,9,0,0,0,1,0,1,2,30,0,0,0,0,0,0,0
26,CA,RCH,low,yes,OA_low_sugar,acclimation,5,23.2,22,0,16,18,15,21,12,18,0,1,4,4,5,1,3,20,0,0,0,0,0,0,0
27,CA,BLB,high,yes,OA,acclimation,5,23.2,35,0,3,15,7,13,10,9,0,0,3,0,2,3,2,20,0,0,0,0,0,0,0
28,CA,OAK,high,no,control,acclimation,5,23.2,36,0,2,7,13,13,7,9,0,1,0,3,2,0,4,60,0,0,0,0,0,0,0
29,CA,RCH,high,yes,OA,acclimation,5,23.2,29,0,6,12,8,10,4,6,0,2,4,2,3,2,1,10,0,0,0,0,0,0,0
30,CA,OAK,low,no,low_sugar,acclimation,5,23.2,72,0,3,10,12,12,12,13,0,1,1,1,3,6,2,50,0,0,0,0,0,0,0
31,CA,OAK,low,yes,OA_low_sugar,acclimation,5,23.2,45,0,1,6,13,11,12,10,0,0,3,2,0,2,3,20,0,0,0,0,0,0,0
32,CA,BLB,low,no,low_sugar,acclimation,5,23.2,53,0,0,7,9,1,7,9,0,0,1,3,1,2,3,20,0,0,0,0,0,0,0
1,CA,BLB,low,yes,OA_low_sugar,treatment,6,23,88,0,3,15,12,12,11,14,0,2,2,4,3,3,7,60,0,0,0,0,0,0,0
2,CA,CAL,high,no,control,treatment,6,23,19,0,2,3,1,1,1,6,0,1,1,0,0,0,2,10,0,0,0,0,0,0,0
3,CA,OAK,high,yes,OA,treatment,6,23,74,0,17,24,20,18,14,11,0,2,4,4,3,5,1,10,0,0,0,0,0,0,0
4,CA,BLB,high,no,control,treatment,6,23,35,0,4,8,9,8,6,6,0,0,0,1,1,1,1,30,0,0,0,0,0,0,0
5,CA,RCH,high,yes,OA,treatment,6,23,30,0,17,16,14,11,6,3,0,1,3,3,0,1,2,20,0,0,0,0,0,0,0
6,CA,OAK,low,yes,OA_low_sugar,treatment,6,23,42,0,8,19,22,14,9,12,0,1,3,4,0,3,4,20,0,0,0,0,0,0,0
7,CA,RCH,high,no,control,treatment,6,23,12,0,2,3,4,4,4,6,0,0,0,0,0,1,0,50,0,0,0,0,0,0,0
8,CA,BLB,high,yes,OA,treatment,6,23,87,0,9,26,24,23,22,13,0,3,3,3,3,6,4,20,0,0,0,0,0,0,0
9,CA,RCH,high,no,control,treatment,6,23,23,0,11,14,14,15,16,12,0,1,2,6,5,5,1,10,0,0,0,0,0,0,0
10,CA,OAK,high,yes,OA,treatment,6,23,61,0,35,42,47,32,22,14,0,2,8,8,6,6,4,10,0,0,0,0,0,0,0
11,CA,CAL,low,yes,OA_low_sugar,treatment,6,23,23,0,3,5,5,4,3,3,0,1,0,2,1,3,1,30,0,0,0,0,0,0,0
12,CA,RCH,low,no,low_sugar,treatment,6,23,30,0,6,10,6,8,9,13,0,0,2,1,0,1,3,61,0,0,0,0,0,0,0
13,CA,BLB,high,no,control,treatment,6,23,86,0,4,10,12,13,16,13,0,0,1,2,0,2,2,20,0,0,0,0,0,0,0
14,CA,CAL,low,no,low_sugar,treatment,6,23,16,0,3,5,0,1,1,4,0,0,1,0,0,0,2,20,0,0,0,0,0,0,0
15,CA,BLB,low,yes,OA_low_sugar,treatment,6,23,63,0,16,17,9,12,18,13,0,1,1,2,1,3,3,20,0,0,0,0,0,0,0
16,CA,CAL,high,no,control,treatment,6,23,18,0,0,2,5,2,1,0,0,0,0,1,0,1,0,30,0,0,0,0,0,0,0
17,CA,OAK,low,no,low_sugar,treatment,6,23,76,0,12,16,9,10,10,11,0,1,4,3,1,1,2,10,0,0,0,0,0,0,0
18,CA,BLB,low,no,low_sugar,treatment,6,23,58,0,7,12,6,5,4,9,0,3,3,3,1,1,1,10,0,0,0,0,0,0,0
19,CA,RCH,low,yes,OA_low_sugar,treatment,6,23,41,0,15,18,18,11,6,6,0,2,4,5,1,3,3,10,0,0,0,0,0,0,0
20,CA,CAL,low,no,low_sugar,treatment,6,23,3,0,1,0,0,1,1,3,0,0,0,0,0,0,1,61,0,0,0,0,0,0,0
21,CA,OAK,high,no,control,treatment,6,23,34,0,6,14,6,7,4,3,0,1,2,1,0,1,0,61,0,0,0,0,0,0,0
22,CA,CAL,high,yes,OA,treatment,6,23,22,0,2,3,2,3,0,1,0,0,0,1,0,0,1,61,0,0,0,0,0,0,0
23,CA,RCH,low,no,low_sugar,treatment,6,23,24,0,5,1,9,6,2,3,0,1,0,3,1,0,1,30,0,0,0,0,0,0,0
24,CA,CAL,low,yes,OA_low_sugar,treatment,6,23,2,0,0,0,1,1,1,0,0,0,0,0,0,0,0,61,0,0,0,0,0,0,0
25,CA,CAL,high,yes,OA,treatment,6,23,24,0,7,6,7,4,2,6,0,0,1,2,0,0,1,30,0,0,0,0,0,0,0
26,CA,RCH,low,yes,OA_low_sugar,treatment,6,23,19,0,24,16,14,12,11,4,0,2,1,1,0,3,1,10,0,0,0,0,0,0,0
27,CA,BLB,high,yes,OA,treatment,6,23,76,0,9,11,6,7,8,14,0,1,2,0,1,1,3,20,0,0,0,0,0,0,0
28,CA,OAK,high,no,control,treatment,6,23,31,0,7,5,5,6,6,6,0,1,1,2,1,2,1,10,0,0,0,0,0,0,0
29,CA,RCH,high,yes,OA,treatment,6,23,32,0,11,21,6,3,1,4,0,3,3,1,1,1,0,10,0,0,0,0,0,0,0
30,CA,OAK,low,no,low_sugar,treatment,6,23,137,0,14,22,23,20,16,16,0,3,2,5,4,5,2,10,0,0,0,0,0,0,0
31,CA,OAK,low,yes,OA_low_sugar,treatment,6,23,85,0,10,12,24,20,13,11,0,2,3,2,1,1,3,10,0,0,0,0,0,0,0
32,CA,BLB,low,no,low_sugar,treatment,6,23,76,0,5,5,13,11,8,6,0,2,3,2,2,4,1,20,0,0,0,0,0,0,0
1,CA,BLB,low,yes,OA_low_sugar,treatment,7,23.5,113,0,9,35,26,17,24,13,0,1,4,5,4,3,1,20,0,0,0,0,0,0,0
2,CA,CAL,high,no,control,treatment,7,23.5,23,0,3,0,4,2,4,2,0,1,0,0,1,1,0,10,0,0,0,0,0,0,0
3,CA,OAK,high,yes,OA,treatment,7,23.5,77,0,16,33,33,19,14,17,0,2,1,4,4,1,4,10,0,0,0,0,0,0,0
4,CA,BLB,high,no,control,treatment,7,23.5,41,0,9,14,10,8,6,7,0,1,1,1,2,1,1,20,0,0,0,0,0,0,0
5,CA,RCH,high,yes,OA,treatment,7,23.5,19,0,13,14,15,13,11,9,0,3,4,3,4,4,5,61,0,0,0,0,0,0,0
6,CA,OAK,low,yes,OA_low_sugar,treatment,7,23.5,53,0,6,9,14,11,11,10,0,1,2,2,2,3,2,30,0,0,0,0,0,0,0
7,CA,RCH,high,no,control,treatment,7,23.5,12,0,5,5,11,5,3,2,0,1,1,1,0,1,0,20,0,0,0,0,0,0,0
8,CA,BLB,high,yes,OA,treatment,7,23.5,96,0,11,26,41,41,29,10,0,2,4,5,4,5,3,30,0,0,0,0,0,0,0
9,CA,RCH,high,no,control,treatment,7,23.5,29,0,7,13,16,9,16,11,0,4,2,4,4,5,3,10,0,0,0,0,0,0,0
10,CA,OAK,high,yes,OA,treatment,7,23.5,81,0,36,54,45,40,40,26,0,4,8,5,10,7,6,10,0,0,0,0,0,0,0
11,CA,CAL,low,yes,OA_low_sugar,treatment,7,23.5,23,0,5,4,9,11,9,5,0,1,1,2,4,3,1,10,0,0,0,0,0,0,0
12,CA,RCH,low,no,low_sugar,treatment,7,23.5,42,0,8,20,15,8,15,5,0,0,4,3,3,4,2,30,0,0,0,0,0,0,0
13,CA,BLB,high,no,control,treatment,7,23.5,63,0,7,11,24,8,7,10,0,0,2,7,3,2,5,20,0,0,0,0,0,0,0
14,CA,CAL,low,no,low_sugar,treatment,7,23.5,21,0,4,5,5,2,3,1,0,1,1,3,0,1,0,10,0,0,0,0,0,0,0
15,CA,BLB,low,yes,OA_low_sugar,treatment,7,23.5,70,0,23,58,56,39,24,16,0,2,8,8,6,3,3,10,0,0,0,0,0,0,0
16,CA,CAL,high,no,control,treatment,7,23.5,12,0,1,2,4,1,3,2,0,0,2,0,0,0,0,61,0,0,0,0,0,0,0
17,CA,OAK,low,no,low_sugar,treatment,7,23.5,63,0,11,17,16,18,15,24,0,3,4,3,3,4,3,20,0,0,0,0,0,0,0
18,CA,BLB,low,no,low_sugar,treatment,7,23.5,47,0,13,14,11,23,10,16,0,1,5,1,4,1,3,20,0,0,0,0,0,0,0
19,CA,RCH,low,yes,OA_low_sugar,treatment,7,23.5,37,0,10,37,21,21,8,15,0,2,4,5,6,2,5,20,0,0,0,0,0,0,0
20,CA,CAL,low,no,low_sugar,treatment,7,23.5,4,0,0,0,1,1,0,1,0,0,0,0,0,0,0,61,0,0,0,0,0,0,0
21,CA,OAK,high,no,control,treatment,7,23.5,29,0,3,4,6,13,7,8,0,0,1,2,4,3,3,40,0,0,0,0,0,0,0
22,CA,CAL,high,yes,OA,treatment,7,23.5,20,0,3,17,10,7,2,7,0,1,4,2,1,0,1,10,0,0,0,0,0,0,0
23,CA,RCH,low,no,low_sugar,treatment,7,23.5,21,0,2,5,5,2,3,3,0,0,1,1,0,1,0,20,0,0,0,0,0,0,0
24,CA,CAL,low,yes,OA_low_sugar,treatment,7,23.5,8,0,0,0,1,7,6,8,0,0,0,0,0,0,1,61,0,0,0,0,0,0,0
25,CA,CAL,high,yes,OA,treatment,7,23.5,15,0,9,8,10,9,7,15,0,1,1,3,2,1,5,20,0,0,0,0,0,0,0
26,CA,RCH,low,yes,OA_low_sugar,treatment,7,23.5,37,0,16,31,18,17,19,28,0,2,1,4,4,5,7,10,0,0,0,0,0,0,0
27,CA,BLB,high,yes,OA,treatment,7,23.5,64,0,25,27,31,13,10,16,0,2,1,3,3,1,3,10,0,0,0,0,0,0,0
28,CA,OAK,high,no,control,treatment,7,23.5,45,0,2,15,12,13,14,12,0,1,2,4,2,2,3,30,0,0,0,0,0,0,0
29,CA,RCH,high,yes,OA,treatment,7,23.5,25,0,7,23,17,6,8,14,0,2,4,3,2,3,4,20,0,0,0,0,0,0,0
30,CA,OAK,low,no,low_sugar,treatment,7,23.5,137,0,6,27,22,27,16,12,0,0,2,5,7,2,2,20,0,0,0,0,0,0,0
31,CA,OAK,low,yes,OA_low_sugar,treatment,7,23.5,93,0,13,35,21,13,11,24,0,1,2,3,3,3,4,10,0,0,0,0,0,0,0
32,CA,BLB,low,no,low_sugar,treatment,7,23.5,78,0,3,6,7,5,7,9,0,0,0,2,2,2,4,40,0,0,0,0,0,0,0
1,CA,BLB,low,yes,OA_low_sugar,treatment,8,23.2,110,0,12,22,32,41,57,30,0,4,4,7,8,8,6,10,0,0,0,0,0,0,0
2,CA,CAL,high,no,control,treatment,8,23.2,24,0,0,1,3,6,1,1,0,0,1,1,0,1,1,20,0,0,0,0,0,0,0
3,CA,OAK,high,yes,OA,treatment,8,23.2,69,0,18,34,26,26,27,7,0,2,3,4,2,3,1,20,0,0,0,0,0,0,0
4,CA,BLB,high,no,control,treatment,8,23.2,45,0,8,12,4,8,10,5,0,0,2,0,2,1,2,50,0,0,0,0,0,0,0
5,CA,RCH,high,yes,OA,treatment,8,23.2,33,0,7,16,14,16,15,11,0,0,5,3,5,5,3,30,0,0,0,0,0,0,0
6,CA,OAK,low,yes,OA_low_sugar,treatment,8,23.2,49,0,16,36,18,17,19,18,0,2,5,1,2,4,5,10,0,0,0,0,0,0,0
7,CA,RCH,high,no,control,treatment,8,23.2,18,0,5,5,2,3,2,2,0,0,1,0,0,0,0,61,0,0,0,0,0,0,0
8,CA,BLB,high,yes,OA,treatment,8,23.2,86,0,16,59,26,31,22,22,0,4,6,8,6,4,5,10,0,0,0,0,0,0,0
9,CA,RCH,high,no,control,treatment,8,23.2,20,0,7,22,19,15,12,11,0,1,3,2,5,4,2,20,0,0,0,0,0,0,0
10,CA,OAK,high,yes,OA,treatment,8,23.2,89,0,8,39,33,20,22,13,0,0,5,2,2,5,1,20,0,0,0,0,0,0,0
11,CA,CAL,low,yes,OA_low_sugar,treatment,8,23.2,36,0,1,6,11,6,8,4,0,0,1,3,1,3,2,50,0,0,0,0,0,0,0
12,CA,RCH,low,no,low_sugar,treatment,8,23.2,20,0,3,11,7,12,12,9,0,1,2,2,3,3,2,10,0,0,0,0,0,0,0
13,CA,BLB,high,no,control,treatment,8,23.2,65,0,3,32,17,18,15,15,0,1,4,1,3,5,3,10,0,0,0,0,0,0,0
14,CA,CAL,low,no,low_sugar,treatment,8,23.2,12,0,1,1,1,0,1,1,0,0,0,0,0,0,0,61,0,0,0,0,0,0,0
15,CA,BLB,low,yes,OA_low_sugar,treatment,8,23.2,88,0,10,5,33,40,37,28,0,3,2,5,3,5,7,30,0,0,0,0,0,0,0
16,CA,CAL,high,no,control,treatment,8,23.2,7,0,1,1,2,2,0,2,0,0,0,0,0,0,1,60,0,0,0,0,0,0,0
17,CA,OAK,low,no,low_sugar,treatment,8,23.2,62,0,1,10,19,19,16,11,0,0,1,5,4,5,4,30,0,0,0,0,0,0,0
18,CA,BLB,low,no,low_sugar,treatment,8,23.2,35,0,0,7,17,9,13,13,0,0,2,2,4,3,4,20,0,0,0,0,0,0,0
19,CA,RCH,low,yes,OA_low_sugar,treatment,8,23.2,41,0,4,17,18,15,25,17,0,1,4,5,1,4,4,20,0,0,0,0,0,0,0
20,CA,CAL,low,no,low_sugar,treatment,8,23.2,9,0,0,0,5,5,3,3,0,0,0,0,1,1,0,61,0,0,0,0,0,0,0
21,CA,OAK,high,no,control,treatment,8,23.2,53,0,0,5,20,17,13,15,0,0,2,5,3,4,4,20,0,0,0,0,0,0,0
22,CA,CAL,high,yes,OA,treatment,8,23.2,26,0,1,6,3,10,1,3,0,0,1,1,3,0,0,30,0,0,0,0,0,0,0
23,CA,RCH,low,no,low_sugar,treatment,8,23.2,26,0,4,5,6,7,5,4,0,1,1,3,0,1,1,60,0,0,0,0,0,0,0
24,CA,CAL,low,yes,OA_low_sugar,treatment,8,23.2,3,0,0,0,2,3,10,6,0,0,0,1,0,2,1,60,0,0,0,0,0,0,0
25,CA,CAL,high,yes,OA,treatment,8,23.2,26,0,9,12,13,15,6,10,0,1,1,2,3,1,2,20,0,0,0,0,0,0,0
26,CA,RCH,low,yes,OA_low_sugar,treatment,8,23.2,56,0,16,22,18,15,18,24,0,1,2,4,2,5,4,10,0,0,0,0,0,0,0
27,CA,BLB,high,yes,OA,treatment,8,23.2,62,0,12,11,14,16,17,11,0,3,1,2,4,6,3,10,0,0,0,0,0,0,0
28,CA,OAK,high,no,control,treatment,8,23.2,60,0,7,9,20,17,10,13,0,1,2,2,3,3,4,10,0,0,0,0,0,0,0
29,CA,RCH,high,yes,OA,treatment,8,23.2,31,0,8,25,23,15,12,11,0,2,4,7,4,4,3,20,0,0,0,0,0,0,0
30,CA,OAK,low,no,low_sugar,treatment,8,23.2,104,0,4,8,14,5,10,3,0,1,0,3,2,2,2,61,0,0,0,0,0,0,0
31,CA,OAK,low,yes,OA_low_sugar,treatment,8,23.2,79,0,11,17,16,24,16,12,0,1,2,5,3,3,3,20,0,0,0,0,0,0,0
32,CA,BLB,low,no,low_sugar,treatment,8,23.2,65,0,6,10,11,6,6,8,0,0,0,1,0,1,0,61,0,0,0,0,0,0,0
1,CA,BLB,low,yes,OA_low_sugar,treatment,9,22.8,117,0,8,22,21,21,23,16,0,2,4,3,7,5,4,20,0,0,0,0,0,0,0
2,CA,CAL,high,no,control,treatment,9,22.8,20,0,20,15,4,5,5,4,0,3,2,1,1,2,0,10,0,0,0,0,0,0,0
3,CA,OAK,high,yes,OA,treatment,9,22.8,83,0,22,27,22,16,11,10,0,2,6,5,2,0,0,10,0,0,0,0,0,0,0
4,CA,BLB,high,no,control,treatment,9,22.8,46,0,12,13,12,8,16,6,0,2,1,2,4,1,2,10,0,0,0,0,0,0,0
5,CA,RCH,high,yes,OA,treatment,9,22.8,31,0,13,21,15,17,16,6,0,4,4,2,3,3,2,20,0,0,0,0,0,0,0
6,CA,OAK,low,yes,OA_low_sugar,treatment,9,22.8,45,0,12,23,21,16,13,11,0,4,5,7,3,2,3,30,0,0,0,0,0,0,0
7,CA,RCH,high,no,control,treatment,9,22.8,17,0,16,21,7,4,4,5,0,2,1,2,1,1,1,10,0,0,0,0,0,0,0
8,CA,BLB,high,yes,OA,treatment,9,22.8,100,0,14,35,44,28,26,12,0,3,7,5,4,4,2,10,0,0,0,0,0,0,0
9,CA,RCH,high,no,control,treatment,9,22.8,22,0,12,17,12,14,10,7,0,2,4,4,1,2,2,10,0,0,0,0,0,0,0
10,CA,OAK,high,yes,OA,treatment,9,22.8,115,0,23,40,26,25,32,20,0,4,4,4,7,4,1,30,0,0,0,0,0,0,0
11,CA,CAL,low,yes,OA_low_sugar,treatment,9,22.8,20,0,13,16,10,10,9,7,0,4,4,2,2,2,1,10,0,0,0,0,0,0,0
12,CA,RCH,low,no,low_sugar,treatment,9,22.8,18,0,7,9,18,19,24,30,0,0,1,4,3,5,2,20,0,0,0,0,0,0,0
13,CA,BLB,high,no,control,treatment,9,22.8,56,0,10,16,25,25,12,25,0,2,1,4,2,2,3,30,0,0,0,0,0,0,0
14,CA,CAL,low,no,low_sugar,treatment,9,22.8,15,0,2,3,2,1,1,1,0,0,1,1,0,0,0,61,0,0,0,0,0,0,0
15,CA,BLB,low,yes,OA_low_sugar,treatment,9,22.8,80,0,24,49,52,36,20,22,0,4,4,3,6,4,5,10,0,0,0,0,0,0,0
16,CA,CAL,high,no,control,treatment,9,22.8,10,0,1,2,6,1,1,1,0,0,0,0,0,0,0,61,0,0,0,0,0,0,0
17,CA,OAK,low,no,low_sugar,treatment,9,22.8,68,0,6,17,11,15,8,7,0,1,2,0,4,2,0,20,0,0,0,0,0,0,0
18,CA,BLB,low,no,low_sugar,treatment,9,22.8,50,0,4,4,10,11,10,9,0,2,0,1,2,4,1,10,0,0,0,0,0,0,0
19,CA,RCH,low,yes,OA_low_sugar,treatment,9,22.8,37,0,5,21,23,26,20,14,0,0,2,4,3,2,3,40,0,0,0,0,0,0,0
20,CA,CAL,low,no,low_sugar,treatment,9,22.8,7,0,1,1,8,4,3,2,0,0,0,2,0,0,1,61,0,0,0,0,0,0,0
21,CA,OAK,high,no,control,treatment,9,22.8,47,0,2,9,11,9,11,4,0,0,2,2,1,3,2,30,0,0,0,0,0,0,0
22,CA,CAL,high,yes,OA,treatment,9,22.8,25,0,1,15,7,10,18,2,0,0,0,3,3,4,1,60,0,0,0,0,0,0,0
23,CA,RCH,low,no,low_sugar,treatment,9,22.8,34,0,0,5,7,6,3,1,0,0,0,1,1,0,0,61,0,0,0,0,0,0,0
24,CA,CAL,low,yes,OA_low_sugar,treatment,9,22.8,26,0,0,7,19,11,12,8,0,0,0,1,1,0,1,30,0,0,0,0,0,0,0
25,CA,CAL,high,yes,OA,treatment,9,22.8,35,0,2,20,22,20,12,16,0,0,1,2,3,2,2,20,0,0,0,0,0,0,0
26,CA,RCH,low,yes,OA_low_sugar,treatment,9,22.8,57,0,18,47,36,23,22,29,0,1,4,4,3,6,6,20,0,0,0,0,0,0,0
27,CA,BLB,high,yes,OA,treatment,9,22.8,62,0,6,24,27,19,20,25,0,0,2,2,3,4,4,30,0,0,0,0,0,0,0
28,CA,OAK,high,no,control,treatment,9,22.8,56,0,3,7,9,5,5,4,0,1,0,1,0,1,1,50,0,0,0,0,0,0,0
29,CA,RCH,high,yes,OA,treatment,9,22.8,29,0,4,23,22,19,16,9,0,1,5,3,5,4,2,20,0,0,0,0,0,0,0
30,CA,OAK,low,no,low_sugar,treatment,9,22.8,115,0,5,12,18,23,15,23,0,2,4,3,3,1,2,20,0,0,0,0,0,0,0
31,CA,OAK,low,yes,OA_low_sugar,treatment,9,22.8,93,0,5,30,19,24,24,13,0,0,5,2,5,4,4,20,0,0,0,0,0,0,0
32,CA,BLB,low,no,low_sugar,treatment,9,22.8,73,0,1,8,16,21,10,10,0,0,0,1,3,2,3,40,0,0,0,0,0,0,0
1,CA,BLB,low,yes,OA_low_sugar,treatment,10,22.7,116,0,29,44,32,25,27,21,0,6,7,5,9,4,5,20,0,0,0,0,0,0,0
2,CA,CAL,high,no,control,treatment,10,22.7,15,0,1,1,1,2,4,4,0,0,0,0,1,1,1,50,0,0,0,0,0,0,0
3,CA,OAK,high,yes,OA,treatment,10,22.7,86,0,9,23,20,17,18,13,0,1,1,1,3,3,3,50,0,0,0,0,0,0,0
4,CA,BLB,high,no,control,treatment,10,22.7,35,0,4,16,13,11,18,8,0,0,2,0,3,4,2,20,0,0,0,0,0,0,0
5,CA,RCH,high,yes,OA,treatment,10,22.7,39,0,12,25,26,27,27,20,0,2,4,3,6,7,6,10,0,0,0,0,0,0,0
6,CA,OAK,low,yes,OA_low_sugar,treatment,10,22.7,47,0,13,28,25,20,22,12,0,3,3,3,4,3,5,10,0,0,0,0,0,0,0
7,CA,RCH,high,no,control,treatment,10,22.7,15,0,9,17,12,8,4,7,0,0,2,2,3,0,1,20,0,0,0,0,0,0,0
8,CA,BLB,high,yes,OA,treatment,10,22.7,85,0,11,19,17,18,18,23,0,3,4,4,6,3,8,20,0,0,0,0,0,0,0
9,CA,RCH,high,no,control,treatment,10,22.7,25,0,8,10,12,17,18,10,0,0,3,1,0,2,4,20,0,0,0,0,0,0,0
10,CA,OAK,high,yes,OA,treatment,10,22.7,102,0,12,32,24,19,26,17,0,2,4,3,5,6,5,20,0,0,0,0,0,0,0
11,CA,CAL,low,yes,OA_low_sugar,treatment,10,22.7,45,0,14,12,15,17,19,16,0,2,2,2,4,4,4,10,0,0,0,0,0,0,0
12,CA,RCH,low,no,low_sugar,treatment,10,22.7,28,0,10,9,11,13,10,5,0,1,5,3,5,3,2,10,0,0,0,0,0,0,0
13,CA,BLB,high,no,control,treatment,10,22.7,66,0,10,11,12,12,14,9,0,0,2,0,3,2,3,50,0,0,0,0,0,0,0
14,CA,CAL,low,no,low_sugar,treatment,10,22.7,18,0,0,1,1,1,1,3,0,0,1,0,0,1,1,61,0,0,0,0,0,0,0
15,CA,BLB,low,yes,OA_low_sugar,treatment,10,22.7,99,0,61,39,43,53,43,29,0,5,9,8,9,8,7,10,0,0,0,0,0,0,0
16,CA,CAL,high,no,control,treatment,10,22.7,16,0,3,3,2,1,1,2,0,0,2,0,1,1,2,40,0,0,0,0,0,0,0
17,CA,OAK,low,no,low_sugar,treatment,10,22.7,60,0,16,14,10,12,13,17,0,1,1,2,1,4,3,20,0,0,0,0,0,0,0
18,CA,BLB,low,no,low_sugar,treatment,10,22.7,72,0,12,14,17,16,14,11,0,2,1,2,1,1,2,10,0,0,0,0,0,0,0
19,CA,RCH,low,yes,OA_low_sugar,treatment,10,22.7,59,0,56,44,38,36,35,27,0,4,6,7,5,6,4,10,0,0,0,0,0,0,0
20,CA,CAL,low,no,low_sugar,treatment,10,22.7,14,0,1,1,1,1,1,1,0,1,0,1,0,0,0,10,0,0,0,0,0,0,0
21,CA,OAK,high,no,control,treatment,10,22.7,36,0,15,17,17,14,9,11,0,3,1,2,2,3,2,10,0,0,0,0,0,0,0
22,CA,CAL,high,yes,OA,treatment,10,22.7,49,0,11,10,8,7,4,5,0,1,0,3,0,0,2,61,0,0,0,0,0,0,0
23,CA,RCH,low,no,low_sugar,treatment,10,22.7,14,0,11,8,4,6,7,4,0,1,1,1,0,3,1,20,0,0,0,0,0,0,0
24,CA,CAL,low,yes,OA_low_sugar,treatment,10,22.7,24,0,15,11,7,7,6,8,0,0,0,0,0,2,2,50,0,0,0,0,0,0,0
25,CA,CAL,high,yes,OA,treatment,10,22.7,48,0,25,22,20,20,21,15,0,3,4,7,4,4,4,10,0,0,0,0,0,0,0
26,CA,RCH,low,yes,OA_low_sugar,treatment,10,22.7,131,0,50,43,34,38,44,32,0,2,2,5,2,5,6,10,0,0,0,0,0,0,0
27,CA,BLB,high,yes,OA,treatment,10,22.7,80,0,26,31,36,34,35,27,0,3,3,6,6,7,6,10,0,0,0,0,0,0,0
28,CA,OAK,high,no,control,treatment,10,22.7,35,0,12,13,16,13,12,9,0,2,1,3,0,1,2,20,0,0,0,0,0,0,0
29,CA,RCH,high,yes,OA,treatment,10,22.7,53,0,21,22,24,23,21,19,0,5,3,5,2,6,7,10,0,0,0,0,0,0,0
30,CA,OAK,low,no,low_sugar,treatment,10,22.7,102,0,22,18,12,13,14,17,0,1,1,2,1,2,2,20,0,0,0,0,0,0,0
31,CA,OAK,low,yes,OA_low_sugar,treatment,10,22.7,134,0,43,44,47,38,30,36,0,1,4,8,4,6,5,10,0,0,0,0,0,0,0
32,CA,BLB,low,no,low_sugar,treatment,10,22.7,67,0,18,16,15,14,17,12,0,2,1,1,1,3,3,10,0,0,0,0,0,0,0
1,CA,BLB,low,yes,OA_low_sugar,treatment,11,22.2,112,0,29,38,49,48,51,28,0,4,4,7,6,7,7,20,0,0,0,0,0,0,0
2,CA,CAL,high,no,control,treatment,11,22.2,17,0,5,4,6,7,8,1,0,1,0,2,0,2,0,30,0,0,0,0,0,0,0
3,CA,OAK,high,yes,OA,treatment,11,22.2,96,0,32,37,43,38,36,24,0,2,2,5,5,8,7,10,0,0,0,0,0,0,0
4,CA,BLB,high,no,control,treatment,11,22.2,47,0,9,7,8,9,11,7,0,1,1,2,1,2,2,10,0,0,0,0,0,0,0
5,CA,RCH,high,yes,OA,treatment,11,22.2,39,0,29,27,24,25,25,15,0,8,2,6,2,8,9,10,0,0,0,0,0,0,0
6,CA,OAK,low,yes,OA_low_sugar,treatment,11,22.2,38,0,16,17,18,17,18,19,0,5,1,4,1,5,7,20,0,0,0,0,0,0,0
7,CA,RCH,high,no,control,treatment,11,22.2,14,0,10,10,10,9,7,0,0,0,0,1,0,0,0,30,0,0,0,0,0,0,0
8,CA,BLB,high,yes,OA,treatment,11,22.2,88,0,37,38,39,36,34,12,0,6,2,5,3,5,3,10,0,0,0,0,0,0,0
9,CA,RCH,high,no,control,treatment,11,22.2,37,0,17,20,25,18,16,11,0,3,1,0,1,3,2,10,0,0,0,0,0,0,0
10,CA,OAK,high,yes,OA,treatment,11,22.2,94,0,22,27,33,34,40,25,0,5,2,7,2,6,4,10,0,0,0,0,0,0,0
11,CA,CAL,low,yes,OA_low_sugar,treatment,11,22.2,51,0,30,24,18,19,20,17,0,5,2,5,2,5,2,10,0,0,0,0,0,0,0
12,CA,RCH,low,no,low_sugar,treatment,11,22.2,22,0,20,17,15,12,10,8,0,2,1,5,1,2,0,10,0,0,0,0,0,0,0
13,CA,BLB,high,no,control,treatment,11,22.2,70,0,9,14,25,18,13,3,0,1,1,3,1,2,1,30,0,0,0,0,0,0,0
14,CA,CAL,low,no,low_sugar,treatment,11,22.2,14,0,0,1,1,2,4,3,0,0,0,0,0,0,0,61,0,0,0,0,0,0,0
15,CA,BLB,low,yes,OA_low_sugar,treatment,11,22.2,73,0,74,52,41,40,39,32,0,7,1,1,2,7,3,10,0,0,0,0,0,0,0
16,CA,CAL,high,no,control,treatment,11,22.2,10,0,3,1,2,3,2,0,0,1,0,0,0,0,0,10,0,0,0,0,0,0,0
17,CA,OAK,low,no,low_sugar,treatment,11,22.2,90,0,19,14,9,8,7,9,0,1,0,0,0,1,1,50,0,0,0,0,0,0,0
18,CA,BLB,low,no,low_sugar,treatment,11,22.2,69,0,19,14,12,10,9,7,0,1,1,3,1,2,2,10,0,0,0,0,0,0,0
19,CA,RCH,low,yes,OA_low_sugar,treatment,11,22.2,72,0,65,50,43,31,25,36,0,3,1,6,2,5,6,40,0,0,0,0,0,0,0
20,CA,CAL,low,no,low_sugar,treatment,11,22.2,11,0,0,0,1,1,1,1,0,0,0,0,0,0,0,61,0,0,0,0,0,0,0
21,CA,OAK,high,no,control,treatment,11,22.2,52,0,9,12,14,11,7,5,0,3,0,1,0,1,1,10,0,0,0,0,0,0,0
22,CA,CAL,high,yes,OA,treatment,11,22.2,46,0,18,15,4,5,4,4,0,3,2,2,0,2,0,20,0,0,0,0,0,0,0
23,CA,RCH,low,no,low_sugar,treatment,11,22.2,28,0,8,6,5,6,5,3,0,4,0,1,0,1,2,50,0,0,0,0,0,0,0
24,CA,CAL,low,yes,OA_low_sugar,treatment,11,22.2,36,0,23,18,12,17,22,20,0,2,1,2,2,6,2,30,0,0,0,0,0,0,0
25,CA,CAL,high,yes,OA,treatment,11,22.2,61,0,18,17,20,18,13,18,0,4,1,3,1,3,5,10,0,0,0,0,0,0,0
26,CA,RCH,low,yes,OA_low_sugar,treatment,11,22.2,97,0,57,53,47,41,35,34,0,4,2,8,2,5,6,10,0,0,0,0,0,0,0
27,CA,BLB,high,yes,OA,treatment,11,22.2,81,0,33,35,37,39,44,34,0,6,1,7,2,7,4,10,0,0,0,0,0,0,0
28,CA,OAK,high,no,control,treatment,11,22.2,43,0,18,17,16,14,11,9,0,1,1,5,1,1,1,10,0,0,0,0,0,0,0
29,CA,RCH,high,yes,OA,treatment,11,22.2,59,0,16,18,20,20,19,10,0,3,2,3,1,5,3,10,0,0,0,0,0,0,0
30,CA,OAK,low,no,low_sugar,treatment,11,22.2,112,0,15,13,11,10,8,16,0,4,1,2,1,3,2,10,0,0,0,0,0,0,0
31,CA,OAK,low,yes,OA_low_sugar,treatment,11,22.2,139,0,44,45,44,34,17,21,0,8,5,8,3,5,5,10,0,0,0,0,0,0,0
32,CA,BLB,low,no,low_sugar,treatment,11,22.2,96,0,10,10,11,8,4,2,0,0,0,0,0,2,1,61,0,0,0,0,0,0,0
1,CA,BLB,low,yes,OA_low_sugar,treatment,12,23.2,134,0,42,39,41,48,37,37,0,4,7,7,9,8,9,20,0,0,0,0,0,0,0
2,CA,CAL,high,no,control,treatment,12,23.2,15,0,3,2,2,2,2,2,0,0,1,1,0,1,0,20,0,0,0,0,0,0,0
3,CA,OAK,high,yes,OA,treatment,12,23.2,117,0,32,31,52,33,29,25,0,0,1,3,4,4,2,20,0,0,0,0,0,0,0
4,CA,BLB,high,no,control,treatment,12,23.2,48,0,8,6,15,14,13,11,0,0,1,1,2,0,1,30,0,0,0,0,0,0,0
5,CA,RCH,high,yes,OA,treatment,12,23.2,35,0,14,20,24,28,27,18,0,4,4,6,4,5,4,20,0,0,0,0,0,0,0
6,CA,OAK,low,yes,OA_low_sugar,treatment,12,23.2,59,0,37,21,33,26,26,15,0,0,3,3,1,4,1,20,0,0,0,0,0,0,0
7,CA,RCH,high,no,control,treatment,12,23.2,21,0,13,5,3,9,10,2,0,2,2,2,1,1,0,10,0,0,0,0,0,0,0
8,CA,BLB,high,yes,OA,treatment,12,23.2,103,0,22,16,27,25,20,24,0,3,1,3,4,5,5,50,0,0,0,0,0,0,0
9,CA,RCH,high,no,control,treatment,12,23.2,28,0,15,15,10,25,12,7,0,3,3,2,7,5,3,10,0,0,0,0,0,0,0
10,CA,OAK,high,yes,OA,treatment,12,23.2,99,0,40,29,37,42,29,34,0,6,5,8,9,5,4,20,0,0,0,0,0,0,0
11,CA,CAL,low,yes,OA_low_sugar,treatment,12,23.2,43,0,16,31,22,36,24,17,0,2,7,7,8,5,5,20,0,0,0,0,0,0,0
12,CA,RCH,low,no,low_sugar,treatment,12,23.2,14,0,3,5,7,8,9,7,0,1,2,1,2,2,3,50,0,0,0,0,0,0,0
13,CA,BLB,high,no,control,treatment,12,23.2,76,0,7,16,15,16,11,11,0,4,4,2,3,3,2,30,0,0,0,0,0,0,0
14,CA,CAL,low,no,low_sugar,treatment,12,23.2,14,0,4,3,5,4,6,1,0,0,1,1,1,2,0,20,0,0,0,0,0,0,0
15,CA,BLB,low,yes,OA_low_sugar,treatment,12,23.2,100,0,58,48,59,45,35,26,0,9,5,7,4,4,7,10,0,0,0,0,0,0,0
16,CA,CAL,high,no,control,treatment,12,23.2,12,0,1,4,1,4,2,1,0,0,1,0,0,0,0,61,0,0,0,0,0,0,0
17,CA,OAK,low,no,low_sugar,treatment,12,23.2,76,0,2,9,4,5,8,8,0,0,2,2,2,3,2,30,0,0,0,0,0,0,0
18,CA,BLB,low,no,low_sugar,treatment,12,23.2,64,0,5,6,9,9,4,4,0,1,1,2,1,3,3,10,0,0,0,0,0,0,0
19,CA,RCH,low,yes,OA_low_sugar,treatment,12,23.2,103,0,70,46,49,45,39,38,0,5,6,8,9,5,4,20,0,0,0,0,0,0,0
20,CA,CAL,low,no,low_sugar,treatment,12,23.2,2,0,0,1,2,2,2,0,0,0,0,0,0,0,0,61,0,0,0,0,0,0,0
21,CA,OAK,high,no,control,treatment,12,23.2,53,0,3,2,8,5,7,4,0,2,1,1,1,0,0,61,0,0,0,0,0,0,0
22,CA,CAL,high,yes,OA,treatment,12,23.2,46,0,3,9,16,4,7,2,0,0,1,2,1,0,0,61,0,0,0,0,0,0,0
23,CA,RCH,low,no,low_sugar,treatment,12,23.2,17,0,3,10,4,2,4,4,0,0,3,0,0,2,0,20,0,0,0,0,0,0,0
24,CA,CAL,low,yes,OA_low_sugar,treatment,12,23.2,35,0,6,29,20,18,8,18,0,2,4,2,3,0,0,10,0,0,0,0,0,0,0
25,CA,CAL,high,yes,OA,treatment,12,23.2,43,0,3,17,16,12,14,7,0,0,1,2,2,3,1,20,0,0,0,0,0,0,0
26,CA,RCH,low,yes,OA_low_sugar,treatment,12,23.2,110,0,33,58,46,44,27,31,0,3,4,4,5,5,6,10,0,0,0,0,0,0,0
27,CA,BLB,high,yes,OA,treatment,12,23.2,81,0,3,26,29,30,39,15,0,1,6,5,5,6,2,20,0,0,0,0,0,0,0
28,CA,OAK,high,no,control,treatment,12,23.2,82,0,7,15,17,13,8,7,0,1,3,4,4,3,1,10,0,0,0,0,0,0,0
29,CA,RCH,high,yes,OA,treatment,12,23.2,49,0,5,15,15,26,13,15,0,2,4,4,6,4,5,10,0,0,0,0,0,0,0
30,CA,OAK,low,no,low_sugar,treatment,12,23.2,112,0,4,10,12,15,11,9,0,0,0,2,3,2,1,30,0,0,0,0,0,0,0
31,CA,OAK,low,yes,OA_low_sugar,treatment,12,23.2,150,0,38,42,58,45,45,38,0,1,5,9,6,3,5,10,0,0,0,0,0,0,0
32,CA,BLB,low,no,low_sugar,treatment,12,23.2,77,0,2,4,2,7,11,11,0,2,1,0,1,2,4,61,0,0,0,0,0,0,0
1,CA,BLB,low,yes,OA_low_sugar,treatment,13,22.7,155,0,42,50,59,60,50,48,0,6,6,9,9,6,8,10,0,0,0,0,0,0,0
2,CA,CAL,high,no,control,treatment,13,22.7,45,0,5,5,6,6,4,2,0,1,0,1,1,1,1,10,0,0,0,0,0,0,0
3,CA,OAK,high,yes,OA,treatment,13,22.7,140,0,25,31,37,37,30,21,0,3,3,4,5,4,6,10,0,0,0,0,0,0,0
4,CA,BLB,high,no,control,treatment,13,22.7,50,0,7,8,8,21,16,12,0,0,0,2,1,1,3,30,0,0,0,0,0,0,0
5,CA,RCH,high,yes,OA,treatment,13,22.7,50,0,8,10,16,22,19,17,0,2,0,0,4,1,4,40,0,0,0,0,0,0,0
6,CA,OAK,low,yes,OA_low_sugar,treatment,13,22.7,86,0,28,30,35,30,31,30,0,3,1,1,4,2,4,10,0,0,0,0,0,0,0
7,CA,RCH,high,no,control,treatment,13,22.7,24,0,2,4,7,6,5,4,0,1,0,1,0,0,1,10,0,0,0,0,0,0,0
8,CA,BLB,high,yes,OA,treatment,13,22.7,142,0,20,22,25,18,17,16,0,3,3,6,4,4,4,20,0,0,0,0,0,0,0
9,CA,RCH,high,no,control,treatment,13,22.7,43,0,5,8,13,13,14,2,0,1,1,4,1,2,1,10,0,0,0,0,0,0,0
10,CA,OAK,high,yes,OA,treatment,13,22.7,135,0,16,31,48,41,33,25,0,1,2,3,1,4,3,20,0,0,0,0,0,0,0
11,CA,CAL,low,yes,OA_low_sugar,treatment,13,22.7,103,0,25,32,44,33,24,29,0,4,5,8,4,5,9,10,0,0,0,0,0,0,0
12,CA,RCH,low,no,low_sugar,treatment,13,22.7,27,0,6,10,16,13,10,16,0,2,0,1,1,1,1,10,0,0,0,0,0,0,0
13,CA,BLB,high,no,control,treatment,13,22.7,84,0,2,8,15,16,18,10,0,0,0,5,2,4,3,30,0,0,0,0,0,0,0
14,CA,CAL,low,no,low_sugar,treatment,13,22.7,19,0,2,2,3,3,2,3,0,0,0,1,0,0,1,30,0,0,0,0,0,0,0
15,CA,BLB,low,yes,OA_low_sugar,treatment,13,22.7,118,0,49,51,53,49,45,43,0,7,7,8,7,7,8,10,0,0,0,0,0,0,0
16,CA,CAL,high,no,control,treatment,13,22.7,16,0,5,4,0,3,2,3,0,1,0,0,0,1,1,61,0,0,0,0,0,0,0
17,CA,OAK,low,no,low_sugar,treatment,13,22.7,65,0,2,11,11,12,8,6,0,1,3,4,5,3,1,30,0,0,0,0,0,0,0
18,CA,BLB,low,no,low_sugar,treatment,13,22.7,60,0,2,8,6,4,3,2,0,1,2,1,2,0,1,20,0,0,0,0,0,0,0
19,CA,RCH,low,yes,OA_low_sugar,treatment,13,22.7,160,0,56,65,55,46,34,25,0,7,6,3,6,2,4,10,0,0,0,0,0,0,0
20,CA,CAL,low,no,low_sugar,treatment,13,22.7,14,0,1,3,2,0,2,2,0,0,0,0,0,0,1,61,0,0,0,0,0,0,0
21,CA,OAK,high,no,control,treatment,13,22.7,66,0,6,11,15,17,14,11,0,1,1,2,3,1,1,30,0,0,0,0,0,0,0
22,CA,CAL,high,yes,OA,treatment,13,22.7,51,0,8,7,4,2,2,3,0,2,0,0,0,0,3,60,0,0,0,0,0,0,0
23,CA,RCH,low,no,low_sugar,treatment,13,22.7,18,0,5,11,8,5,5,5,0,1,2,1,2,0,1,61,0,0,0,0,0,0,0
24,CA,CAL,low,yes,OA_low_sugar,treatment,13,22.7,49,0,23,32,22,12,10,7,0,2,5,3,3,1,1,61,0,0,0,0,0,0,0
25,CA,CAL,high,yes,OA,treatment,13,22.7,59,0,7,16,14,13,11,10,0,0,4,2,3,1,2,20,0,0,0,0,0,0,0
26,CA,RCH,low,yes,OA_low_sugar,treatment,13,22.7,151,0,42,71,60,51,42,36,0,6,8,3,4,3,5,10,0,0,0,0,0,0,0
27,CA,BLB,high,yes,OA,treatment,13,22.7,111,0,29,33,37,45,37,32,0,2,3,3,9,6,7,10,0,0,0,0,0,0,0
28,CA,OAK,high,no,control,treatment,13,22.7,71,0,19,22,24,26,14,7,0,4,4,3,1,1,2,10,0,0,0,0,0,0,0
29,CA,RCH,high,yes,OA,treatment,13,22.7,73,0,15,28,20,13,13,12,0,1,3,2,3,2,3,30,0,0,0,0,0,0,0
30,CA,OAK,low,no,low_sugar,treatment,13,22.7,129,0,9,9,14,18,18,17,0,2,0,1,3,2,3,10,0,0,0,0,0,0,0
31,CA,OAK,low,yes,OA_low_sugar,treatment,13,22.7,221,0,47,61,57,53,49,46,0,5,8,6,8,9,10,10,0,0,0,0,0,0,0
32,CA,BLB,low,no,low_sugar,treatment,13,22.7,85,0,9,12,9,7,8,9,0,1,0,0,3,1,2,10,0,0,0,0,0,0,0
1,CA,BLB,low,yes,OA_low_sugar,treatment,14,23.5,168,0,28,34,50,34,34,34,0,6,6,7,6,9,5,10,0,0,0,0,0,0,0
2,CA,CAL,high,no,control,treatment,14,23.5,31,0,8,6,5,2,3,4,0,2,2,2,1,1,2,60,0,0,0,0,0,0,0
3,CA,OAK,high,yes,OA,treatment,14,23.5,132,0,52,44,34,31,35,35,0,4,5,4,3,2,4,10,0,0,0,0,0,0,0
4,CA,BLB,high,no,control,treatment,14,23.5,52,0,17,24,15,18,12,11,0,0,3,2,3,2,3,20,0,0,0,0,0,0,0
5,CA,RCH,high,yes,OA,treatment,14,23.5,38,0,14,21,25,28,29,22,0,1,3,2,4,5,3,10,0,0,0,0,0,0,0
6,CA,OAK,low,yes,OA_low_sugar,treatment,14,23.5,101,0,42,27,35,33,33,23,0,3,2,3,2,3,4,10,0,0,0,0,0,0,0
7,CA,RCH,high,no,control,treatment,14,23.5,38,0,9,16,9,15,10,9,0,0,2,1,2,4,2,20,0,0,0,0,0,0,0
8,CA,BLB,high,yes,OA,treatment,14,23.5,135,0,12,26,23,26,24,22,0,2,6,4,3,2,5,20,0,0,0,0,0,0,0
9,CA,RCH,high,no,control,treatment,14,23.5,37,0,7,13,25,20,9,8,0,2,3,3,3,3,2,20,0,0,0,0,0,0,0
10,CA,OAK,high,yes,OA,treatment,14,23.5,130,0,13,25,52,43,25,19,0,3,2,5,8,5,4,10,0,0,0,0,0,0,0
11,CA,CAL,low,yes,OA_low_sugar,treatment,14,23.5,85,0,31,35,36,24,20,22,0,3,7,7,4,3,5,10,0,0,0,0,0,0,0
12,CA,RCH,low,no,low_sugar,treatment,14,23.5,27,0,10,19,25,9,6,13,0,1,2,4,1,1,4,10,0,0,0,0,0,0,0
13,CA,BLB,high,no,control,treatment,14,23.5,63,0,5,17,24,9,15,13,0,2,4,4,2,4,1,20,0,0,0,0,0,0,0
14,CA,CAL,low,no,low_sugar,treatment,14,23.5,24,0,2,3,9,14,4,4,0,0,0,0,4,1,2,40,0,0,0,0,0,0,0
15,CA,BLB,low,yes,OA_low_sugar,treatment,14,23.5,129,0,83,52,57,37,40,40,0,4,8,7,7,6,7,20,0,0,0,0,0,0,0
16,CA,CAL,high,no,control,treatment,14,23.5,8,0,2,2,2,2,1,1,0,1,1,1,2,0,1,10,0,0,0,0,0,0,0
17,CA,OAK,low,no,low_sugar,treatment,14,23.5,93,0,12,18,19,4,12,13,0,1,1,4,2,3,2,30,0,0,0,0,0,0,0
18,CA,BLB,low,no,low_sugar,treatment,14,23.5,52,0,8,12,9,10,3,7,0,1,4,2,1,0,1,10,0,0,0,0,0,0,0
19,CA,RCH,low,yes,OA_low_sugar,treatment,14,23.5,165,0,81,51,46,32,20,28,0,9,7,4,6,5,5,10,0,0,0,0,0,0,0
20,CA,CAL,low,no,low_sugar,treatment,14,23.5,8,0,2,4,1,1,2,0,0,0,0,0,0,0,0,61,0,0,0,0,0,0,0
21,CA,OAK,high,no,control,treatment,14,23.5,70,0,7,16,28,13,12,19,0,0,3,2,3,2,2,40,0,0,0,0,0,0,0
22,CA,CAL,high,yes,OA,treatment,14,23.5,46,0,7,12,10,7,3,5,0,0,0,1,4,0,1,30,0,0,0,0,0,0,0
23,CA,RCH,low,no,low_sugar,treatment,14,23.5,31,0,5,4,11,9,10,2,0,0,1,1,2,5,0,50,0,0,0,0,0,0,0
24,CA,CAL,low,yes,OA_low_sugar,treatment,14,23.5,75,0,11,16,11,5,10,6,0,2,5,5,3,2,1,20,0,0,0,0,0,0,0
25,CA,CAL,high,yes,OA,treatment,14,23.5,44,0,23,10,12,14,14,10,0,3,1,2,2,2,1,10,0,0,0,0,0,0,0
26,CA,RCH,low,yes,OA_low_sugar,treatment,14,23.5,181,0,61,36,44,33,24,28,0,5,4,6,6,7,5,10,0,0,0,0,0,0,0
27,CA,BLB,high,yes,OA,treatment,14,23.5,143,0,43,32,28,38,15,21,0,5,3,6,7,2,4,10,0,0,0,0,0,0,0
28,CA,OAK,high,no,control,treatment,14,23.5,80,0,13,17,14,16,7,15,0,2,3,4,3,2,4,10,0,0,0,0,0,0,0
29,CA,RCH,high,yes,OA,treatment,14,23.5,81,0,32,21,20,14,10,9,0,5,2,4,5,3,5,10,0,0,0,0,0,0,0
30,CA,OAK,low,no,low_sugar,treatment,14,23.5,128,0,27,28,25,14,9,12,0,2,2,4,1,0,2,20,0,0,0,0,0,0,0
31,CA,OAK,low,yes,OA_low_sugar,treatment,14,23.5,233,0,51,61,52,33,38,24,0,4,7,7,5,6,3,10,0,0,0,0,0,0,0
32,CA,BLB,low,no,low_sugar,treatment,14,23.5,111,0,17,13,13,6,8,5,0,0,3,2,0,0,2,20,0,0,0,0,0,0,0
1,CA,BLB,low,yes,OA_low_sugar,treatment,15,23.2,161,0,28,45,43,29,28,28,0,6,7,7,5,5,6,10,0,0,0,0,0,0,0
2,CA,CAL,high,no,control,treatment,15,23.2,27,0,1,6,4,1,3,5,0,0,0,0,0,0,1,60,0,0,0,0,0,0,0
3,CA,OAK,high,yes,OA,treatment,15,23.2,145,0,13,20,26,25,24,24,0,1,3,4,2,1,2,10,0,0,0,0,0,0,0
4,CA,BLB,high,no,control,treatment,15,23.2,57,0,7,7,6,5,5,6,0,1,1,1,1,0,0,10,0,0,0,0,0,0,0
5,CA,RCH,high,yes,OA,treatment,15,23.2,61,0,6,11,18,14,13,12,0,1,3,4,2,1,0,20,0,0,0,0,0,0,0
6,CA,OAK,low,yes,OA_low_sugar,treatment,15,23.2,100,0,43,47,41,47,40,30,0,3,6,4,4,3,5,10,0,0,0,0,0,0,0
7,CA,RCH,high,no,control,treatment,15,23.2,38,0,8,11,2,4,6,7,0,0,0,0,1,0,1,40,0,0,0,0,0,0,0
8,CA,BLB,high,yes,OA,treatment,15,23.2,149,0,12,26,22,35,29,23,0,2,5,6,5,4,4,20,0,0,0,0,0,0,0
9,CA,RCH,high,no,control,treatment,15,23.2,37,0,9,10,14,22,23,23,0,2,3,3,3,0,0,10,0,0,0,0,0,0,0
10,CA,OAK,high,yes,OA,treatment,15,23.2,121,0,17,34,48,31,24,19,0,2,4,6,3,2,3,10,0,0,0,0,0,0,0
11,CA,CAL,low,yes,OA_low_sugar,treatment,15,23.2,74,0,18,35,32,23,19,16,0,1,0,5,4,3,4,30,0,0,0,0,0,0,0
12,CA,RCH,low,no,low_sugar,treatment,15,23.2,34,0,4,20,9,7,6,5,0,0,2,1,1,0,1,60,0,0,0,0,0,0,0
13,CA,BLB,high,no,control,treatment,15,23.2,89,0,3,4,7,9,6,8,0,1,2,2,2,0,1,10,0,0,0,0,0,0,0
14,CA,CAL,low,no,low_sugar,treatment,15,23.2,16,0,0,6,4,4,3,1,0,0,0,0,1,0,0,61,0,0,0,0,0,0,0
15,CA,BLB,low,yes,OA_low_sugar,treatment,15,23.2,120,0,43,71,70,48,35,29,0,7,6,7,7,5,5,10,0,0,0,0,0,0,0
16,CA,CAL,high,no,control,treatment,15,23.2,13,0,1,6,7,4,7,11,0,0,0,2,0,0,1,60,0,0,0,0,0,0,0
17,CA,OAK,low,no,low_sugar,treatment,15,23.2,93,0,12,18,23,23,20,14,0,2,2,3,4,4,3,20,0,0,0,0,0,0,0
18,CA,BLB,low,no,low_sugar,treatment,15,23.2,65,0,9,13,18,16,11,12,0,1,1,3,3,3,2,30,0,0,0,0,0,0,0
19,CA,RCH,low,yes,OA_low_sugar,treatment,15,23.2,153,0,33,35,36,29,26,16,0,5,4,3,5,6,3,10,0,0,0,0,0,0,0
20,CA,CAL,low,no,low_sugar,treatment,15,23.2,13,0,1,0,1,0,6,4,0,1,1,0,0,1,0,20,0,0,0,0,0,0,0
21,CA,OAK,high,no,control,treatment,15,23.2,73,0,22,17,12,8,7,6,0,2,3,4,3,2,2,20,0,0,0,0,0,0,0
22,CA,CAL,high,yes,OA,treatment,15,23.2,50,0,6,8,9,7,7,7,0,0,0,1,4,1,2,40,0,0,0,0,0,0,0
23,CA,RCH,low,no,low_sugar,treatment,15,23.2,26,0,3,2,1,6,3,5,0,0,0,0,1,2,2,50,0,0,0,0,0,0,0
24,CA,CAL,low,yes,OA_low_sugar,treatment,15,23.2,67,0,19,17,14,19,14,10,0,3,3,2,6,2,3,20,0,0,0,0,0,0,0
25,CA,CAL,high,yes,OA,treatment,15,23.2,46,0,4,18,12,9,12,9,0,0,5,3,3,3,3,20,0,0,0,0,0,0,0
26,CA,RCH,low,yes,OA_low_sugar,treatment,15,23.2,167,0,59,43,37,28,30,21,0,4,5,3,4,5,2,10,0,0,0,0,0,0,0
27,CA,BLB,high,yes,OA,treatment,15,23.2,112,0,9,22,21,31,28,40,0,1,3,7,5,7,7,20,0,0,0,0,0,0,0
28,CA,OAK,high,no,control,treatment,15,23.2,59,0,6,9,13,12,9,9,0,2,3,1,2,1,2,10,0,0,0,0,0,0,0
29,CA,RCH,high,yes,OA,treatment,15,23.2,54,0,9,12,18,11,8,5,0,1,1,3,3,4,2,40,0,0,0,0,0,0,0
30,CA,OAK,low,no,low_sugar,treatment,15,23.2,134,0,3,16,15,12,15,11,0,0,0,3,3,6,4,30,0,0,0,0,0,0,0
31,CA,OAK,low,yes,OA_low_sugar,treatment,15,23.2,258,0,44,54,78,64,53,43,0,4,4,3,8,8,5,10,0,0,0,0,0,0,0
32,CA,BLB,low,no,low_sugar,treatment,15,23.2,93,0,6,9,13,8,7,4,0,0,2,2,1,1,0,30,0,0,0,0,0,0,0
1,CA,BLB,low,yes,OA_low_sugar,treward,16,23.0,46,0,96,64,33,26,19,14,0,1,2,3,0,0,1,61,0,15,20,10,10,5,5
2,CA,CAL,high,no,control,treward,16,23.0,21,0,6,26,16,13,9,16,0,0,0,1,0,1,0,50,0,0,10,5,4,3,5
3,CA,OAK,high,yes,OA,treward,16,23.0,120,0,55,82,70,55,55,41,0,0,0,5,4,7,3,30,0,20,20,20,20,15,10
4,CA,BLB,high,no,control,treward,16,23.0,57,0,50,34,49,47,40,30,0,3,2,5,2,2,2,10,0,15,15,15,15,10,5
5,CA,RCH,high,yes,OA,treward,16,23.0,56,0,43,48,45,45,39,37,0,1,1,2,2,1,3,20,0,20,20,15,15,10,10
6,CA,OAK,low,yes,OA_low_sugar,treward,16,23.0,98,0,186,139,121,105,89,55,0,5,4,7,5,7,5,10,0,80,50,40,35,30,10
7,CA,RCH,high,no,control,treward,16,23.0,28,0,16,17,18,18,13,5,0,0,1,1,1,2,0,20,0,4,10,3,3,3,2
8,CA,BLB,high,yes,OA,treward,16,23.0,119,0,45,62,65,59,43,40,0,0,1,0,2,3,0,40,0,20,30,30,30,20,10
9,CA,RCH,high,no,control,treward,16,23.0,34,0,37,40,33,30,28,27,0,2,3,4,3,5,2,10,0,10,15,10,10,10,10
10,CA,OAK,high,yes,OA,treward,16,23.0,138,0,92,88,57,54,50,46,0,3,4,3,4,4,5,10,0,30,25,15,15,15,20
11,CA,CAL,low,yes,OA_low_sugar,treward,16,23.0,83,0,64,118,116,104,93,56,0,0,1,6,4,5,3,20,0,40,50,50,40,30,20
12,CA,RCH,low,no,low_sugar,treward,16,23.0,24,0,43,65,39,41,39,28,0,0,1,0,0,1,0,50,0,20,25,30,25,20,15
13,CA,BLB,high,no,control,treward,16,23.0,93,0,14,77,28,35,37,35,0,0,4,4,1,0,4,20,0,6,30,6,10,10,20
14,CA,CAL,low,no,low_sugar,treward,16,23.0,16,0,3,49,45,48,45,25,0,0,0,0,0,1,0,61,0,1,15,30,30,25,20
15,CA,BLB,low,yes,OA_low_sugar,treward,16,23.0,97,0,165,114,131,104,82,55,0,2,5,7,2,2,5,10,0,70,50,35,30,25,20
16,CA,CAL,high,no,control,treward,16,23.0,5,0,0,1,4,4,4,2,0,0,1,0,0,0,0,61,0,0,0,3,3,3,2
17,CA,OAK,low,no,low_sugar,treward,16,23.0,105,0,74,64,46,41,38,41,0,2,4,4,2,1,1,10,0,30,30,20,20,20,20
18,CA,BLB,low,no,low_sugar,treward,16,23.0,72,0,41,42,45,41,64,28,0,2,2,3,2,3,3,10,0,20,15,15,15,20,10
19,CA,RCH,low,yes,OA_low_sugar,treward,16,23.0,122,0,141,162,105,91,86,55,0,1,0,0,0,5,5,10,0,60,70,30,30,30,20
20,CA,CAL,low,no,low_sugar,treward,16,23.0,16,0,0,2,15,36,44,38,0,0,0,0,0,0,0,61,0,0,1,10,20,20,20
21,CA,OAK,high,no,control,treward,16,23.0,66,0,19,43,51,34,18,25,0,0,4,2,2,2,2,20,0,5,10,15,10,3,5
22,CA,CAL,high,yes,OA,treward,16,23.0,43,0,53,60,39,40,41,43,0,0,0,0,0,1,1,50,0,20,30,20,20,20,25
23,CA,RCH,low,no,low_sugar,treward,16,23.0,40,0,25,73,41,38,37,36,0,0,0,1,0,0,0,61,0,15,30,20,20,20,25
24,CA,CAL,low,yes,OA_low_sugar,treward,16,23.0,54,0,50,99,97,75,59,54,0,0,0,7,2,3,5,30,0,30,60,40,40,30,20
25,CA,CAL,high,yes,OA,treward,16,23.0,57,0,4,35,51,56,52,35,0,0,1,3,2,3,2,30,0,0,15,30,30,20,20
26,CA,RCH,low,yes,OA_low_sugar,treward,16,23.0,117,0,23,105,129,134,129,115,0,0,0,5,3,6,5,40,0,0,50,60,60,50,40
27,CA,BLB,high,yes,OA,treward,16,23.0,111,0,8,86,67,59,53,41,0,0,0,0,0,5,4,50,0,0,20,20,20,20,20
28,CA,OAK,high,no,control,treward,16,23.0,68,0,15,50,51,48,44,33,0,0,0,0,0,6,5,50,0,0,15,10,10,10,5
29,CA,RCH,high,yes,OA,treward,16,23.0,54,0,5,47,64,55,45,37,0,0,1,0,0,4,2,50,0,0,20,20,20,20,15
30,CA,OAK,low,no,low_sugar,treward,16,23.0,130,0,11,95,115,91,69,83,0,0,1,2,2,4,4,20,0,1,30,40,30,20,20
31,CA,OAK,low,yes,OA_low_sugar,treward,16,23.0,160,0,42,151,153,149,138,116,0,5,7,7,5,6,8,10,0,20,60,60,60,50,40
32,CA,BLB,low,no,low_sugar,treward,16,23.0,69,0,2,35,81,75,54,49,0,0,0,2,0,1,2,30,0,0,20,40,40,30,30
1,CA,BLB,low,yes,OA_low_sugar,treward,17,23.5,77,0,35,51,52,43,33,26,0,0,1,4,3,3,4,20,0,10,10,15,10,10,10
2,CA,CAL,high,no,control,treward,17,23.5,37,0,9,21,14,12,8,8,0,0,0,1,2,1,0,40,0,2,5,5,5,3,5
3,CA,OAK,high,yes,OA,treward,17,23.5,147,0,69,70,42,39,41,27,0,5,3,5,4,6,3,10,0,20,30,20,15,15,10
4,CA,BLB,high,no,control,treward,17,23.5,63,0,37,34,26,23,25,11,0,1,4,3,4,4,0,20,0,10,10,5,5,10,2
5,CA,RCH,high,yes,OA,treward,17,23.5,73,0,54,35,36,30,20,23,0,1,1,0,1,2,3,10,0,20,10,20,10,10,10
6,CA,OAK,low,yes,OA_low_sugar,treward,17,23.5,133,0,115,88,81,75,62,65,0,3,5,4,5,3,5,10,0,40,40,50,40,30,10
7,CA,RCH,high,no,control,treward,17,23.5,42,0,6,20,7,5,7,7,0,0,0,1,0,1,0,30,0,2,10,3,3,3,2
8,CA,BLB,high,yes,OA,treward,17,23.5,137,0,99,40,53,40,24,23,0,2,1,4,1,1,1,10,0,25,10,20,15,10,10
9,CA,RCH,high,no,control,treward,17,23.5,59,0,24,35,37,28,28,19,0,0,1,3,1,2,2,20,0,5,15,5,10,5,5
10,CA,OAK,high,yes,OA,treward,17,23.5,175,0,32,109,87,70,76,52,0,0,0,5,5,1,1,50,0,10,20,15,10,20,10
11,CA,CAL,low,yes,OA_low_sugar,treward,17,23.5,81,0,98,88,112,87,75,45,0,2,3,6,4,4,3,10,0,30,50,50,35,30,20
12,CA,RCH,low,no,low_sugar,treward,17,23.5,39,0,33,34,24,17,19,10,0,1,1,1,1,2,1,10,0,10,15,15,10,5,5
13,CA,BLB,high,no,control,treward,17,23.5,98,0,24,48,31,30,21,27,0,0,1,1,3,2,3,30,0,10,10,15,10,6,5
14,CA,CAL,low,no,low_sugar,treward,17,23.5,32,0,2,16,24,14,14,14,0,0,0,2,0,1,2,30,0,2,10,15,10,5,10
15,CA,BLB,low,yes,OA_low_sugar,treward,17,23.5,97,0,69,118,95,84,84,77,0,1,3,3,3,5,2,10,0,30,40,40,40,40,30
16,CA,CAL,high,no,control,treward,17,23.5,11,0,7,13,6,5,4,9,0,0,0,1,0,0,0,61,0,2,3,2,2,4,3
17,CA,OAK,low,no,low_sugar,treward,17,23.5,103,0,47,35,75,35,35,24,0,3,1,4,1,1,1,10,0,15,10,20,15,15,10
18,CA,BLB,low,no,low_sugar,treward,17,23.5,65,0,52,35,36,27,23,23,0,2,1,3,1,2,1,10,0,15,10,10,10,10,8
19,CA,RCH,low,yes,OA_low_sugar,treward,17,23.5,117,0,123,63,73,64,78,48,0,2,1,3,1,2,3,10,0,40,30,40,40,25,20
20,CA,CAL,low,no,low_sugar,treward,17,23.5,11,0,6,13,20,24,18,17,0,0,0,0,0,1,0,50,0,2,10,15,20,10,10
21,CA,OAK,high,no,control,treward,17,23.5,56,0,44,54,35,18,16,14,0,1,0,1,2,0,0,10,0,10,10,10,2,3,2
22,CA,CAL,high,yes,OA,treward,17,23.5,36,0,59,54,36,34,32,30,0,1,1,0,0,0,0,10,0,30,30,15,20,15,15
23,CA,RCH,low,no,low_sugar,treward,17,23.5,30,0,41,29,26,20,23,21,0,0,0,0,0,1,1,50,0,15,20,15,15,10,15
24,CA,CAL,low,yes,OA_low_sugar,treward,17,23.5,45,0,79,87,91,80,66,68,0,0,1,2,1,3,4,20,0,50,40,50,40,50,40
25,CA,CAL,high,yes,OA,treward,17,23.5,60,0,5,24,46,42,23,26,0,0,2,3,1,1,1,20,0,3,10,20,15,10,15
26,CA,RCH,low,yes,OA_low_sugar,treward,17,23.5,118,0,152,121,98,66,116,80,0,2,2,5,3,3,2,10,0,60,50,40,60,50,40
27,CA,BLB,high,yes,OA,treward,17,23.5,105,0,18,30,42,37,45,33,0,0,0,2,0,3,3,30,0,5,10,15,15,20,15
28,CA,OAK,high,no,control,treward,17,23.5,85,0,9,22,31,31,28,16,0,0,0,1,3,4,2,30,0,0,5,5,5,5,5
29,CA,RCH,high,yes,OA,treward,17,23.5,66,0,40,35,34,28,23,18,0,0,0,0,2,2,0,40,0,15,15,20,15,10,10
30,CA,OAK,low,no,low_sugar,treward,17,23.5,127,0,43,55,72,48,58,44,0,1,0,1,2,4,2,10,0,20,25,30,15,20,15
31,CA,OAK,low,yes,OA_low_sugar,treward,17,23.5,153,0,110,95,75,76,115,77,0,1,1,2,3,6,5,20,0,35,40,40,40,50,40
32,CA,BLB,low,no,low_sugar,treward,17,23.5,81,0,35,33,34,43,26,19,0,1,0,1,1,2,4,10,0,10,10,10,10,15,10
1,CA,BLB,low,yes,OA_low_sugar,treward,18,23,78,0,50,48,43,36,28,20,0,0,1,3,2,2,2,40,0,10,10,20,10,10,10
2,CA,CAL,high,no,control,treward,18,23,38,0,8,19,18,14,10,10,0,0,0,1,1,1,0,40,0,0,10,10,10,0,0
3,CA,OAK,high,yes,OA,treward,18,23,144,0,60,65,53,46,44,32,0,2,2,4,3,5,3,20,0,20,20,20,20,10,10
4,CA,BLB,high,no,control,treward,18,23,64,0,38,34,36,31,26,18,0,2,2,3,2,2,2,20,0,10,10,10,10,10,0
5,CA,RCH,high,yes,OA,treward,18,23,62,0,40,38,38,34,26,25,0,0,1,1,1,1,2,30,0,20,20,20,20,10,10
6,CA,OAK,low,yes,OA_low_sugar,treward,18,23,99,0,122,96,84,72,60,51,0,3,3,4,3,3,4,10,0,50,40,40,40,30,20
7,CA,RCH,high,no,control,treward,18,23,36,0,10,16,15,13,10,9,0,0,0,1,0,2,1,40,0,0,10,0,0,0,0
8,CA,BLB,high,yes,OA,treward,18,23,129,0,60,48,49,43,33,29,0,1,1,2,1,2,1,40,0,20,20,20,20,20,10
9,CA,RCH,high,no,control,treward,18,23,54,0,32,33,28,24,22,17,0,0,1,2,1,2,2,30,0,10,10,10,10,10,10
10,CA,OAK,high,yes,OA,treward,18,23,149,0,72,80,59,55,56,46,0,1,2,3,3,3,3,30,0,20,20,10,10,20,20
11,CA,CAL,low,yes,OA_low_sugar,treward,18,23,71,0,74,84,87,78,72,48,0,0,1,3,2,2,2,30,0,40,40,40,40,40,20
12,CA,RCH,low,no,low_sugar,treward,18,23,37,0,34,37,26,24,23,16,0,0,0,1,0,2,1,30,0,20,20,20,10,10,10
13,CA,BLB,high,no,control,treward,18,23,96,0,23,48,36,32,27,27,0,0,1,2,1,2,3,40,0,10,20,10,10,10,10
14,CA,CAL,low,no,low_sugar,treward,18,23,26,0,9,28,26,24,20,15,0,0,0,1,0,1,1,50,0,0,10,20,20,10,10
15,CA,BLB,low,yes,OA_low_sugar,treward,18,23,102,0,89,85,79,67,58,48,0,1,2,4,2,3,2,20,0,40,30,30,30,20,20
16,CA,CAL,high,no,control,treward,18,23,12,0,3,6,6,6,5,5,0,0,0,1,0,0,0,60,0,0,0,0,0,0,0
17,CA,OAK,low,no,low_sugar,treward,18,23,105,0,51,44,46,34,30,26,0,2,2,2,1,1,1,10,0,20,20,20,10,10,10
18,CA,BLB,low,no,low_sugar,treward,18,23,72,0,48,42,40,35,38,24,0,2,1,3,1,3,2,20,0,20,10,10,10,10,10
19,CA,RCH,low,yes,OA_low_sugar,treward,18,23,122,0,99,84,68,61,60,40,0,2,1,2,1,3,2,20,0,40,40,30,30,20,20
20,CA,CAL,low,no,low_sugar,treward,18,23,16,0,2,9,19,24,22,19,0,0,0,0,0,0,0,60,0,0,10,10,20,10,10
21,CA,OAK,high,no,control,treward,18,23,66,0,31,38,35,24,18,17,0,1,1,1,1,1,1,30,0,10,10,10,10,0,10
22,CA,CAL,high,yes,OA,treward,18,23,43,0,51,51,36,34,33,29,0,0,0,1,0,1,1,30,0,20,30,20,20,20,20
23,CA,RCH,low,no,low_sugar,treward,18,23,40,0,34,43,31,25,22,21,0,0,0,1,1,1,1,40,0,20,20,20,10,10,10
24,CA,CAL,low,yes,OA_low_sugar,treward,18,23,54,0,59,67,61,54,47,46,0,0,0,3,1,2,3,40,0,40,40,30,30,30,20
25,CA,CAL,high,yes,OA,treward,18,23,67,0,16,29,38,39,32,26,0,0,1,2,1,1,1,30,0,10,10,20,20,10,20
26,CA,RCH,low,yes,OA_low_sugar,treward,18,23,123,0,84,91,84,75,86,69,0,2,1,3,2,3,2,20,0,30,40,40,40,40,30
27,CA,BLB,high,yes,OA,treward,18,23,102,0,39,56,44,40,40,34,0,1,0,2,0,3,2,30,0,10,20,20,20,20,20
28,CA,OAK,high,no,control,treward,18,23,73,0,24,36,38,34,27,22,0,1,0,2,1,4,3,30,0,0,10,10,10,10,0
29,CA,RCH,high,yes,OA,treward,18,23,62,0,36,40,36,32,28,24,0,0,0,1,0,2,2,50,0,10,20,20,10,10,10
30,CA,OAK,low,no,low_sugar,treward,18,23,149,0,54,70,72,58,52,48,0,2,1,2,2,3,3,20,0,10,20,20,20,20,10
31,CA,OAK,low,yes,OA_low_sugar,treward,18,23,157,0,69,91,87,83,90,69,0,2,2,3,2,5,4,20,0,30,40,40,40,40,30
32,CA,BLB,low,no,low_sugar,treward,18,23,92,0,34,36,43,42,31,26,0,1,0,1,0,2,3,30,0,10,10,20,20,20,10
1,CA,BLB,low,yes,OA_low_sugar,treward,19,22.8,99,0,12,24,39,39,35,21,0,1,1,3,2,2,3,10,0,10,15,20,15,10,10
2,CA,CAL,high,no,control,treward,19,22.8,56,0,7,17,31,22,16,9,0,0,0,1,0,2,1,30,0,2,5,5,5,2,2
3,CA,OAK,high,yes,OA,treward,19,22.8,152,0,45,49,53,46,39,36,0,1,2,3,2,5,3,10,0,20,20,20,20,15,10
4,CA,BLB,high,no,control,treward,19,22.8,62,0,21,29,37,24,19,18,0,1,2,2,1,1,1,20,0,15,15,10,10,6,2
5,CA,RCH,high,yes,OA,treward,19,22.8,64,0,27,30,33,25,17,16,0,0,0,0,0,2,1,61,0,20,20,20,20,15,15
6,CA,OAK,low,yes,OA_low_sugar,treward,19,22.8,82,0,125,96,69,52,41,38,0,1,1,5,2,2,1,10,0,30,30,30,30,30,30
7,CA,RCH,high,no,control,treward,19,22.8,35,0,11,15,20,15,8,8,0,0,0,1,1,4,4,40,0,1,5,5,5,5,3
8,CA,BLB,high,yes,OA,treward,19,22.8,127,0,27,35,38,35,29,25,0,0,0,1,0,0,1,61,0,20,20,15,15,15,15
9,CA,RCH,high,no,control,treward,19,22.8,64,0,34,27,18,16,14,8,0,0,0,2,0,0,4,30,0,10,10,5,5,5,2
10,CA,OAK,high,yes,OA,treward,19,22.8,135,0,81,68,49,48,46,40,0,0,0,2,1,4,3,30,0,20,15,10,10,10,15
11,CA,CAL,low,yes,OA_low_sugar,treward,19,22.8,69,0,61,57,54,55,56,40,0,0,0,1,0,1,1,30,0,40,40,40,40,40,30
12,CA,RCH,low,no,low_sugar,treward,19,22.8,40,0,32,27,22,19,16,14,0,1,0,2,1,2,2,30,0,10,10,10,10,10,5
13,CA,BLB,high,no,control,treward,19,22.8,109,0,9,22,33,25,22,19,0,0,0,2,1,2,2,30,0,20,20,15,15,10,10
14,CA,CAL,low,no,low_sugar,treward,19,22.8,22,0,12,17,17,17,12,8,0,0,0,1,0,2,0,50,0,10,20,10,10,5,10
15,CA,BLB,low,yes,OA_low_sugar,treward,19,22.8,113,0,66,55,39,35,29,25,0,0,0,4,1,3,2,30,0,20,20,20,20,20,20
16,CA,CAL,high,no,control,treward,19,22.8,16,0,0,4,7,6,2,7,0,0,0,1,0,1,0,61,0,4,4,4,5,5,2
17,CA,OAK,low,no,low_sugar,treward,19,22.8,103,0,40,38,36,30,24,21,0,3,0,0,0,2,1,10,0,15,15,10,10,5,5
18,CA,BLB,low,no,low_sugar,treward,19,22.8,83,0,40,34,28,32,34,19,0,3,1,4,2,4,3,10,0,20,20,15,15,15,5
19,CA,RCH,low,yes,OA_low_sugar,treward,19,22.8,118,0,71,54,41,35,32,29,0,1,1,2,2,3,0,10,0,25,30,30,30,25,20
20,CA,CAL,low,no,low_sugar,treward,19,22.8,19,0,1,6,12,8,8,8,0,0,0,0,0,0,1,60,0,2,10,20,20,15,10
21,CA,OAK,high,no,control,treward,19,22.8,72,0,20,19,17,19,25,17,0,1,1,1,0,0,1,60,0,15,15,15,10,2,5
22,CA,CAL,high,yes,OA,treward,19,22.8,40,0,66,55,30,28,30,19,0,0,0,2,1,3,2,30,0,15,20,20,20,15,10
23,CA,RCH,low,no,low_sugar,treward,19,22.8,43,0,40,35,27,20,13,8,0,1,1,1,2,1,1,10,0,20,20,15,10,5,10
24,CA,CAL,low,yes,OA_low_sugar,treward,19,22.8,57,0,44,35,25,25,25,29,0,0,0,2,1,0,3,30,0,35,20,10,20,30,20
25,CA,CAL,high,yes,OA,treward,19,22.8,75,0,36,35,33,33,28,22,0,1,0,0,1,0,0,10,0,10,10,10,10,10,15
26,CA,RCH,low,yes,OA_low_sugar,treward,19,22.8,131,0,85,74,66,47,33,30,0,3,1,2,2,3,2,10,0,30,30,20,25,30,30
27,CA,BLB,high,yes,OA,treward,19,22.8,96,0,68,56,33,28,27,27,0,2,1,4,1,3,3,10,0,20,20,15,15,12,15
28,CA,OAK,high,no,control,treward,19,22.8,75,0,33,30,28,23,15,14,0,2,1,4,2,4,2,10,0,10,10,10,10,3,2
29,CA,RCH,high,yes,OA,treward,19,22.8,65,0,54,38,21,21,22,20,0,0,0,2,0,0,2,61,0,15,15,10,10,10,10
30,CA,OAK,low,no,low_sugar,treward,19,22.8,153,0,69,56,39,37,30,29,0,2,2,2,2,3,3,10,0,15,15,15,10,10,10
31,CA,OAK,low,yes,OA_low_sugar,treward,19,22.8,142,0,56,54,52,53,49,33,0,1,0,0,0,3,3,10,0,30,30,20,20,30,20
32,CA,BLB,low,no,low_sugar,treward,19,22.8,105,0,38,32,26,23,20,23,0,1,0,0,0,4,2,50,0,15,15,10,10,7,5
1,CA,BLB,low,yes,OA_low_sugar,treward,20,23.2,91,0,58,52,49,37,26,17,0,0,1,1,1,2,2,61,0,5,10,20,20,15,10
2,CA,CAL,high,no,control,treward,20,23.2,36,0,12,11,9,11,9,5,0,0,1,1,1,0,1,30,0,1,5,10,10,10,7
3,CA,OAK,high,yes,OA,treward,20,23.2,155,0,73,58,48,46,40,26,0,1,1,1,1,2,3,10,0,10,15,20,15,10,15
4,CA,BLB,high,no,control,treward,20,23.2,72,0,42,40,33,30,21,11,0,1,2,3,0,0,3,10,0,3,5,10,10,10,6
5,CA,RCH,high,yes,OA,treward,20,23.2,55,0,35,38,40,38,30,25,0,0,1,1,0,0,1,20,0,10,15,20,15,10,10
6,CA,OAK,low,yes,OA_low_sugar,treward,20,23.2,81,0,62,63,64,57,49,46,0,2,1,2,0,1,3,10,0,50,50,50,35,25,20
7,CA,RCH,high,no,control,treward,20,23.2,39,0,6,13,15,13,11,17,0,0,0,1,0,0,0,61,0,4,5,5,5,4,2
8,CA,BLB,high,yes,OA,treward,20,23.2,132,0,70,55,41,39,35,28,0,1,1,2,1,2,1,20,0,10,15,15,15,15,10
9,CA,RCH,high,no,control,treward,20,23.2,60,0,32,31,25,20,16,13,0,0,0,0,0,1,0,61,0,4,5,5,5,5,5
10,CA,OAK,high,yes,OA,treward,20,23.2,148,0,85,57,43,48,53,46,0,1,2,3,1,2,3,20,0,20,20,15,15,15,15
11,CA,CAL,low,yes,OA_low_sugar,treward,20,23.2,50,0,74,71,67,66,65,49,0,0,0,0,0,0,2,60,0,30,35,40,40,40,30
12,CA,RCH,low,no,low_sugar,treward,20,23.2,43,0,28,23,18,18,17,14,0,0,0,2,0,2,0,30,0,20,15,10,10,10,10
13,CA,BLB,high,no,control,treward,20,23.2,82,0,46,47,52,36,28,27,0,0,0,0,0,2,3,50,0,3,5,10,10,10,5
14,CA,CAL,low,no,low_sugar,treward,20,23.2,34,0,20,29,18,17,10,12,0,0,0,0,0,1,2,60,0,5,10,10,10,10,5
15,CA,BLB,low,yes,OA_low_sugar,treward,20,23.2,99,0,56,54,52,45,39,35,0,1,2,2,0,2,0,10,0,20,20,15,15,15,15
16,CA,CAL,high,no,control,treward,20,23.2,14,0,5,6,8,10,10,2,0,0,0,1,0,0,0,30,0,0,2,3,3,2,4
17,CA,OAK,low,no,low_sugar,treward,20,23.2,110,0,44,39,29,28,22,19,0,1,1,2,1,1,1,10,0,10,10,10,10,10,5
18,CA,BLB,low,no,low_sugar,treward,20,23.2,67,0,58,56,49,39,33,28,0,1,0,1,0,2,0,30,0,10,10,10,10,10,8
19,CA,RCH,low,yes,OA_low_sugar,treward,20,23.2,131,0,60,59,54,53,46,30,0,2,1,1,1,1,1,20,0,30,20,15,15,15,20
20,CA,CAL,low,no,low_sugar,treward,20,23.2,18,0,3,16,30,28,20,14,0,0,0,0,0,0,0,61,0,1,5,10,5,5,5
21,CA,OAK,high,no,control,treward,20,23.2,71,0,40,38,37,26,11,12,0,1,0,1,0,1,0,10,0,5,5,5,5,5,10
22,CA,CAL,high,yes,OA,treward,20,23.2,52,0,26,35,38,36,30,23,0,0,0,2,1,1,1,30,0,25,25,20,15,15,10
23,CA,RCH,low,no,low_sugar,treward,20,23.2,48,0,29,34,30,23,16,18,0,0,0,2,1,2,1,40,0,15,15,15,10,5,5
24,CA,CAL,low,yes,OA_low_sugar,treward,20,23.2,60,0,63,46,31,35,39,32,0,0,0,1,0,0,1,60,0,30,25,20,20,20,20
25,CA,CAL,high,yes,OA,treward,20,23.2,77,0,21,22,24,26,27,22,0,1,0,1,0,1,0,50,0,20,20,20,20,15,15
26,CA,RCH,low,yes,OA_low_sugar,treward,20,23.2,124,0,75,64,43,54,65,50,0,1,2,0,1,1,1,10,0,20,20,20,15,15,15
27,CA,BLB,high,yes,OA,treward,20,23.2,97,0,63,51,33,37,36,33,0,2,1,3,1,2,0,10,0,25,20,10,10,15,10
28,CA,OAK,high,no,control,treward,20,23.2,65,0,39,40,43,34,22,25,0,2,1,3,0,2,3,10,0,10,10,10,10,7,5
29,CA,RCH,high,yes,OA,treward,20,23.2,61,0,47,38,27,25,22,22,0,0,0,2,0,0,2,30,0,20,15,10,10,10,6
30,CA,OAK,low,no,low_sugar,treward,20,23.2,187,0,94,72,63,56,52,36,0,3,2,3,1,2,4,10,0,20,20,15,15,10,5
31,CA,OAK,low,yes,OA_low_sugar,treward,20,23.2,172,0,67,64,68,54,59,50,0,1,1,3,1,4,0,10,0,20,25,30,30,25,20
32,CA,BLB,low,no,low_sugar,treward,20,23.2,112,0,60,45,31,29,23,14,0,1,0,1,0,1,3,30,0,10,10,10,10,10,7